asset,timestamp_utc,close
BTC-USD,2026-04-14 00:00:00+00:00,74260.6171875
BTC-USD,2026-04-14 00:30:00+00:00,74162.0234375
BTC-USD,2026-04-14 01:00:00+00:00,74318.3359375
BTC-USD,2026-04-14 01:30:00+00:00,74378.9921875
BTC-USD,2026-04-14 02:00:00+00:00,74465.40625
BTC-USD,2026-04-14 02:30:00+00:00,74374.3671875
BTC-USD,2026-04-14 03:00:00+00:00,74291.6796875
BTC-USD,2026-04-14 03:30:00+00:00,74454.3828125
BTC-USD,2026-04-14 04:00:00+00:00,74492.0390625
BTC-USD,2026-04-14 04:30:00+00:00,74397.703125
BTC-USD,2026-04-14 05:00:00+00:00,74349.9296875
BTC-USD,2026-04-14 05:30:00+00:00,74209.84375
BTC-USD,2026-04-14 06:00:00+00:00,74446.6015625
BTC-USD,2026-04-14 06:30:00+00:00,74565.7734375
BTC-USD,2026-04-14 07:00:00+00:00,74706.953125
BTC-USD,2026-04-14 07:30:00+00:00,74547.5546875
BTC-USD,2026-04-14 08:00:00+00:00,74614.8515625
BTC-USD,2026-04-14 08:30:00+00:00,74776.1640625
BTC-USD,2026-04-14 09:00:00+00:00,74687.359375
BTC-USD,2026-04-14 09:30:00+00:00,74538.09375
BTC-USD,2026-04-14 10:00:00+00:00,74603.8125
BTC-USD,2026-04-14 10:30:00+00:00,74423.4453125
BTC-USD,2026-04-14 11:00:00+00:00,74420.328125
BTC-USD,2026-04-14 11:30:00+00:00,74456.0
BTC-USD,2026-04-14 12:00:00+00:00,74297.015625
BTC-USD,2026-04-14 12:30:00+00:00,74457.5859375
BTC-USD,2026-04-14 13:00:00+00:00,74647.9921875
BTC-USD,2026-04-14 13:30:00+00:00,75490.3984375
BTC-USD,2026-04-14 14:00:00+00:00,75855.0078125
BTC-USD,2026-04-14 14:30:00+00:00,75180.125
BTC-USD,2026-04-14 15:00:00+00:00,74896.3125
BTC-USD,2026-04-14 15:30:00+00:00,75407.8125
BTC-USD,2026-04-14 16:00:00+00:00,75287.78125
BTC-USD,2026-04-14 16:30:00+00:00,74566.21875
BTC-USD,2026-04-14 17:00:00+00:00,74751.7890625
BTC-USD,2026-04-14 17:30:00+00:00,74766.5
BTC-USD,2026-04-14 18:00:00+00:00,74593.9921875
BTC-USD,2026-04-14 18:30:00+00:00,74097.0625
BTC-USD,2026-04-14 19:00:00+00:00,74113.4140625
BTC-USD,2026-04-14 19:30:00+00:00,74265.8984375
BTC-USD,2026-04-14 20:00:00+00:00,74211.2421875
BTC-USD,2026-04-14 20:30:00+00:00,74052.28125
BTC-USD,2026-04-14 21:00:00+00:00,74170.0703125
BTC-USD,2026-04-14 21:30:00+00:00,74315.2890625
BTC-USD,2026-04-14 22:00:00+00:00,73964.4921875
BTC-USD,2026-04-14 22:30:00+00:00,74067.359375
BTC-USD,2026-04-14 23:00:00+00:00,74152.0
BTC-USD,2026-04-14 23:30:00+00:00,74184.671875
BTC-USD,2026-04-15 00:00:00+00:00,74633.9921875
BTC-USD,2026-04-15 00:30:00+00:00,74597.890625
BTC-USD,2026-04-15 01:00:00+00:00,74713.421875
BTC-USD,2026-04-15 01:30:00+00:00,74649.0
BTC-USD,2026-04-15 02:00:00+00:00,74378.203125
BTC-USD,2026-04-15 02:30:00+00:00,74360.390625
BTC-USD,2026-04-15 03:00:00+00:00,74325.703125
BTC-USD,2026-04-15 03:30:00+00:00,74376.75
BTC-USD,2026-04-15 04:00:00+00:00,74342.0703125
BTC-USD,2026-04-15 04:30:00+00:00,74354.171875
BTC-USD,2026-04-15 05:00:00+00:00,74042.4296875
BTC-USD,2026-04-15 05:30:00+00:00,74054.953125
BTC-USD,2026-04-15 06:00:00+00:00,73973.4921875
BTC-USD,2026-04-15 06:30:00+00:00,73942.46875
BTC-USD,2026-04-15 07:00:00+00:00,73743.828125
BTC-USD,2026-04-15 07:30:00+00:00,73771.3515625
BTC-USD,2026-04-15 08:00:00+00:00,74025.1328125
BTC-USD,2026-04-15 08:30:00+00:00,74139.9921875
BTC-USD,2026-04-15 09:00:00+00:00,73980.03125
BTC-USD,2026-04-15 09:30:00+00:00,74038.53125
BTC-USD,2026-04-15 10:00:00+00:00,73934.84375
BTC-USD,2026-04-15 10:30:00+00:00,73890.8984375
BTC-USD,2026-04-15 11:00:00+00:00,74003.6796875
BTC-USD,2026-04-15 11:30:00+00:00,74232.65625
BTC-USD,2026-04-15 12:00:00+00:00,74206.65625
BTC-USD,2026-04-15 12:30:00+00:00,74302.4765625
BTC-USD,2026-04-15 13:00:00+00:00,74423.5
BTC-USD,2026-04-15 13:30:00+00:00,74071.3671875
BTC-USD,2026-04-15 14:00:00+00:00,74453.6328125
BTC-USD,2026-04-15 14:30:00+00:00,74163.1796875
BTC-USD,2026-04-15 15:00:00+00:00,74052.6015625
BTC-USD,2026-04-15 15:30:00+00:00,73868.0
BTC-USD,2026-04-15 16:00:00+00:00,74109.609375
BTC-USD,2026-04-15 16:30:00+00:00,73956.71875
BTC-USD,2026-04-15 17:00:00+00:00,74140.609375
BTC-USD,2026-04-15 17:30:00+00:00,74154.7109375
BTC-USD,2026-04-15 18:00:00+00:00,74225.0
BTC-USD,2026-04-15 18:30:00+00:00,74414.40625
BTC-USD,2026-04-15 19:00:00+00:00,74754.9609375
BTC-USD,2026-04-15 19:30:00+00:00,75065.578125
BTC-USD,2026-04-15 20:00:00+00:00,74792.421875
BTC-USD,2026-04-15 20:30:00+00:00,74872.140625
BTC-USD,2026-04-15 21:00:00+00:00,74662.328125
BTC-USD,2026-04-15 21:30:00+00:00,74765.3671875
BTC-USD,2026-04-15 22:00:00+00:00,75014.828125
BTC-USD,2026-04-15 22:30:00+00:00,74983.78125
BTC-USD,2026-04-15 23:00:00+00:00,74763.7421875
BTC-USD,2026-04-15 23:30:00+00:00,74836.359375
BTC-USD,2026-04-16 00:00:00+00:00,74625.65625
BTC-USD,2026-04-16 00:30:00+00:00,74820.2421875
BTC-USD,2026-04-16 01:00:00+00:00,74637.0625
BTC-USD,2026-04-16 01:30:00+00:00,74681.8671875
BTC-USD,2026-04-16 02:00:00+00:00,74915.03125
BTC-USD,2026-04-16 02:30:00+00:00,74902.71875
BTC-USD,2026-04-16 03:00:00+00:00,75058.5703125
BTC-USD,2026-04-16 03:30:00+00:00,74904.25
BTC-USD,2026-04-16 04:00:00+00:00,74945.9375
BTC-USD,2026-04-16 04:30:00+00:00,74964.6484375
BTC-USD,2026-04-16 05:00:00+00:00,75092.2578125
BTC-USD,2026-04-16 05:30:00+00:00,75058.0234375
BTC-USD,2026-04-16 06:00:00+00:00,75037.4375
BTC-USD,2026-04-16 06:30:00+00:00,75048.65625
BTC-USD,2026-04-16 07:00:00+00:00,74927.828125
BTC-USD,2026-04-16 07:30:00+00:00,74721.5390625
BTC-USD,2026-04-16 08:00:00+00:00,74701.8125
BTC-USD,2026-04-16 08:30:00+00:00,74697.7109375
BTC-USD,2026-04-16 09:00:00+00:00,74840.140625
BTC-USD,2026-04-16 09:30:00+00:00,74612.671875
BTC-USD,2026-04-16 10:00:00+00:00,74474.8515625
BTC-USD,2026-04-16 10:30:00+00:00,74323.9921875
BTC-USD,2026-04-16 11:00:00+00:00,74394.1015625
BTC-USD,2026-04-16 11:30:00+00:00,74593.328125
BTC-USD,2026-04-16 12:00:00+00:00,74731.3125
BTC-USD,2026-04-16 12:30:00+00:00,74637.640625
BTC-USD,2026-04-16 13:00:00+00:00,74988.0078125
BTC-USD,2026-04-16 13:30:00+00:00,73792.1796875
BTC-USD,2026-04-16 14:00:00+00:00,73780.3125
BTC-USD,2026-04-16 14:30:00+00:00,73973.203125
BTC-USD,2026-04-16 15:00:00+00:00,74212.9375
BTC-USD,2026-04-16 15:30:00+00:00,74719.9921875
BTC-USD,2026-04-16 16:00:00+00:00,74587.9921875
BTC-USD,2026-04-16 16:30:00+00:00,74186.03125
BTC-USD,2026-04-16 17:00:00+00:00,74232.890625
BTC-USD,2026-04-16 17:30:00+00:00,74346.0
BTC-USD,2026-04-16 18:00:00+00:00,74418.0234375
BTC-USD,2026-04-16 18:30:00+00:00,75054.4375
BTC-USD,2026-04-16 19:00:00+00:00,75047.9921875
BTC-USD,2026-04-16 19:30:00+00:00,75371.9765625
BTC-USD,2026-04-16 20:00:00+00:00,75209.578125
BTC-USD,2026-04-16 20:30:00+00:00,75245.9921875
BTC-USD,2026-04-16 21:00:00+00:00,74943.9921875
BTC-USD,2026-04-16 21:30:00+00:00,74956.9765625
BTC-USD,2026-04-16 22:00:00+00:00,74947.84375
BTC-USD,2026-04-16 22:30:00+00:00,74888.609375
BTC-USD,2026-04-16 23:00:00+00:00,75044.53125
BTC-USD,2026-04-16 23:30:00+00:00,75163.09375
BTC-USD,2026-04-17 00:00:00+00:00,75030.0
BTC-USD,2026-04-17 00:30:00+00:00,74955.9921875
BTC-USD,2026-04-17 01:00:00+00:00,74780.1875
BTC-USD,2026-04-17 01:30:00+00:00,74763.890625
BTC-USD,2026-04-17 02:00:00+00:00,74617.71875
BTC-USD,2026-04-17 02:30:00+00:00,74728.546875
BTC-USD,2026-04-17 03:00:00+00:00,74732.640625
BTC-USD,2026-04-17 03:30:00+00:00,74633.1484375
BTC-USD,2026-04-17 04:00:00+00:00,74770.4765625
BTC-USD,2026-04-17 04:30:00+00:00,74810.0078125
BTC-USD,2026-04-17 05:00:00+00:00,74692.6796875
BTC-USD,2026-04-17 05:30:00+00:00,74656.5625
BTC-USD,2026-04-17 06:00:00+00:00,74828.3671875
BTC-USD,2026-04-17 06:30:00+00:00,74964.25
BTC-USD,2026-04-17 07:00:00+00:00,74993.9921875
BTC-USD,2026-04-17 07:30:00+00:00,75085.9921875
BTC-USD,2026-04-17 08:00:00+00:00,75133.03125
BTC-USD,2026-04-17 08:30:00+00:00,75787.4921875
BTC-USD,2026-04-17 09:00:00+00:00,76330.03125
BTC-USD,2026-04-17 09:30:00+00:00,75811.4375
BTC-USD,2026-04-17 10:00:00+00:00,75257.53125
BTC-USD,2026-04-17 10:30:00+00:00,75303.2421875
BTC-USD,2026-04-17 11:00:00+00:00,75494.03125
BTC-USD,2026-04-17 11:30:00+00:00,75622.578125
BTC-USD,2026-04-17 12:00:00+00:00,75802.359375
BTC-USD,2026-04-17 12:30:00+00:00,76296.0234375
BTC-USD,2026-04-17 13:00:00+00:00,76630.0078125
BTC-USD,2026-04-17 13:30:00+00:00,77385.9921875
BTC-USD,2026-04-17 14:00:00+00:00,77523.7421875
BTC-USD,2026-04-17 14:30:00+00:00,77979.0
BTC-USD,2026-04-17 15:00:00+00:00,77808.859375
BTC-USD,2026-04-17 15:30:00+00:00,77838.4375
BTC-USD,2026-04-17 16:00:00+00:00,78225.0
BTC-USD,2026-04-17 16:30:00+00:00,77907.28125
BTC-USD,2026-04-17 17:00:00+00:00,77281.828125
BTC-USD,2026-04-17 17:30:00+00:00,77568.0078125
BTC-USD,2026-04-17 18:00:00+00:00,77241.828125
BTC-USD,2026-04-17 18:30:00+00:00,77199.953125
BTC-USD,2026-04-17 19:00:00+00:00,77312.9609375
BTC-USD,2026-04-17 19:30:00+00:00,77515.21875
BTC-USD,2026-04-17 20:00:00+00:00,77404.2421875
BTC-USD,2026-04-17 20:30:00+00:00,77380.0
BTC-USD,2026-04-17 21:00:00+00:00,77472.109375
BTC-USD,2026-04-17 21:30:00+00:00,77475.0
BTC-USD,2026-04-17 22:00:00+00:00,77418.7578125
BTC-USD,2026-04-17 22:30:00+00:00,77339.9375
BTC-USD,2026-04-17 23:00:00+00:00,77077.9921875
BTC-USD,2026-04-17 23:30:00+00:00,77098.0078125
BTC-USD,2026-04-18 00:00:00+00:00,77255.9765625
BTC-USD,2026-04-18 00:30:00+00:00,77195.9921875
BTC-USD,2026-04-18 01:00:00+00:00,77331.359375
BTC-USD,2026-04-18 01:30:00+00:00,77250.6015625
BTC-USD,2026-04-18 02:00:00+00:00,77356.578125
BTC-USD,2026-04-18 02:30:00+00:00,77321.25
BTC-USD,2026-04-18 03:00:00+00:00,77203.9921875
BTC-USD,2026-04-18 03:30:00+00:00,77034.828125
BTC-USD,2026-04-18 04:00:00+00:00,77029.890625
BTC-USD,2026-04-18 04:30:00+00:00,77148.75
BTC-USD,2026-04-18 05:00:00+00:00,77190.0
BTC-USD,2026-04-18 05:30:00+00:00,77168.296875
BTC-USD,2026-04-18 06:00:00+00:00,77121.2578125
BTC-USD,2026-04-18 06:30:00+00:00,77160.0
BTC-USD,2026-04-18 07:00:00+00:00,77111.28125
BTC-USD,2026-04-18 07:30:00+00:00,77020.0078125
BTC-USD,2026-04-18 08:00:00+00:00,76717.5
BTC-USD,2026-04-18 08:30:00+00:00,76760.0234375
BTC-USD,2026-04-18 09:00:00+00:00,76608.28125
BTC-USD,2026-04-18 09:30:00+00:00,76631.2578125
BTC-USD,2026-04-18 10:00:00+00:00,76357.578125
BTC-USD,2026-04-18 10:30:00+00:00,76222.4921875
BTC-USD,2026-04-18 11:00:00+00:00,76100.6484375
BTC-USD,2026-04-18 11:30:00+00:00,76069.4609375
BTC-USD,2026-04-18 12:00:00+00:00,76177.5078125
BTC-USD,2026-04-18 12:30:00+00:00,76239.7578125
BTC-USD,2026-04-18 13:00:00+00:00,76118.65625
BTC-USD,2026-04-18 13:30:00+00:00,76148.640625
BTC-USD,2026-04-18 14:00:00+00:00,76174.5703125
BTC-USD,2026-04-18 14:30:00+00:00,76280.609375
BTC-USD,2026-04-18 15:00:00+00:00,76234.65625
BTC-USD,2026-04-18 15:30:00+00:00,76191.71875
BTC-USD,2026-04-18 16:00:00+00:00,76114.953125
BTC-USD,2026-04-18 16:30:00+00:00,75968.1171875
BTC-USD,2026-04-18 17:00:00+00:00,75882.5703125
BTC-USD,2026-04-18 17:30:00+00:00,75852.1328125
BTC-USD,2026-04-18 18:00:00+00:00,75690.5625
BTC-USD,2026-04-18 18:30:00+00:00,75672.453125
BTC-USD,2026-04-18 19:00:00+00:00,75725.96875
BTC-USD,2026-04-18 19:30:00+00:00,75682.1328125
BTC-USD,2026-04-18 20:00:00+00:00,75746.7890625
BTC-USD,2026-04-18 20:30:00+00:00,75784.953125
BTC-USD,2026-04-18 21:00:00+00:00,75780.5703125
BTC-USD,2026-04-18 21:30:00+00:00,75854.5703125
BTC-USD,2026-04-18 22:00:00+00:00,75756.1171875
BTC-USD,2026-04-18 22:30:00+00:00,75847.9765625
BTC-USD,2026-04-18 23:00:00+00:00,75843.640625
BTC-USD,2026-04-18 23:30:00+00:00,75736.8203125
BTC-USD,2026-04-19 00:00:00+00:00,75653.046875
BTC-USD,2026-04-19 00:30:00+00:00,75708.0
BTC-USD,2026-04-19 01:00:00+00:00,75578.7890625
BTC-USD,2026-04-19 01:30:00+00:00,75652.1015625
BTC-USD,2026-04-19 02:00:00+00:00,75527.09375
BTC-USD,2026-04-19 02:30:00+00:00,75530.3203125
BTC-USD,2026-04-19 03:00:00+00:00,75559.390625
BTC-USD,2026-04-19 03:30:00+00:00,75546.4921875
BTC-USD,2026-04-19 04:00:00+00:00,75717.5703125
BTC-USD,2026-04-19 04:30:00+00:00,75700.0078125
BTC-USD,2026-04-19 05:00:00+00:00,75600.0234375
BTC-USD,2026-04-19 05:30:00+00:00,75580.0078125
BTC-USD,2026-04-19 06:00:00+00:00,75443.0234375
BTC-USD,2026-04-19 06:30:00+00:00,75429.7421875
BTC-USD,2026-04-19 07:00:00+00:00,75022.5234375
BTC-USD,2026-04-19 07:30:00+00:00,75291.1171875
BTC-USD,2026-04-19 08:00:00+00:00,75181.4921875
BTC-USD,2026-04-19 08:30:00+00:00,75299.078125
BTC-USD,2026-04-19 09:00:00+00:00,75123.9921875
BTC-USD,2026-04-19 09:30:00+00:00,75055.421875
BTC-USD,2026-04-19 10:00:00+00:00,75119.4765625
BTC-USD,2026-04-19 10:30:00+00:00,75246.078125
BTC-USD,2026-04-19 11:00:00+00:00,75415.0
BTC-USD,2026-04-19 11:30:00+00:00,75634.8671875
BTC-USD,2026-04-19 12:00:00+00:00,75546.4765625
BTC-USD,2026-04-19 12:30:00+00:00,75611.90625
BTC-USD,2026-04-19 13:00:00+00:00,76075.6015625
BTC-USD,2026-04-19 13:30:00+00:00,75958.0
BTC-USD,2026-04-19 14:00:00+00:00,76000.1875
BTC-USD,2026-04-19 14:30:00+00:00,76064.9609375
BTC-USD,2026-04-19 15:00:00+00:00,76001.8984375
BTC-USD,2026-04-19 15:30:00+00:00,75884.7734375
BTC-USD,2026-04-19 16:00:00+00:00,75600.140625
BTC-USD,2026-04-19 16:30:00+00:00,75416.0234375
BTC-USD,2026-04-19 17:00:00+00:00,75292.0234375
BTC-USD,2026-04-19 17:30:00+00:00,74801.0078125
BTC-USD,2026-04-19 18:00:00+00:00,74838.609375
BTC-USD,2026-04-19 18:30:00+00:00,74806.7109375
BTC-USD,2026-04-19 19:00:00+00:00,74991.5078125
BTC-USD,2026-04-19 19:30:00+00:00,74985.0390625
BTC-USD,2026-04-19 20:00:00+00:00,74789.3203125
BTC-USD,2026-04-19 20:30:00+00:00,74661.453125
BTC-USD,2026-04-19 21:00:00+00:00,74777.7421875
BTC-USD,2026-04-19 21:30:00+00:00,74461.203125
BTC-USD,2026-04-19 22:00:00+00:00,73977.4765625
BTC-USD,2026-04-19 22:30:00+00:00,74073.59375
BTC-USD,2026-04-19 23:00:00+00:00,73915.3125
BTC-USD,2026-04-19 23:30:00+00:00,73820.1875
BTC-USD,2026-04-20 00:00:00+00:00,74260.9375
BTC-USD,2026-04-20 00:30:00+00:00,74317.921875
BTC-USD,2026-04-20 01:00:00+00:00,74325.5234375
BTC-USD,2026-04-20 01:30:00+00:00,74621.421875
BTC-USD,2026-04-20 02:00:00+00:00,74484.4375
BTC-USD,2026-04-20 02:30:00+00:00,74444.046875
BTC-USD,2026-04-20 03:00:00+00:00,74547.6875
BTC-USD,2026-04-20 03:30:00+00:00,74667.90625
BTC-USD,2026-04-20 04:00:00+00:00,74538.4921875
BTC-USD,2026-04-20 04:30:00+00:00,74590.390625
BTC-USD,2026-04-20 05:00:00+00:00,74173.78125
BTC-USD,2026-04-20 05:30:00+00:00,74297.921875
BTC-USD,2026-04-20 06:00:00+00:00,74370.75
BTC-USD,2026-04-20 06:30:00+00:00,74820.1796875
BTC-USD,2026-04-20 07:00:00+00:00,75238.796875
BTC-USD,2026-04-20 07:30:00+00:00,74857.640625
BTC-USD,2026-04-20 08:00:00+00:00,74852.2265625
BTC-USD,2026-04-20 08:30:00+00:00,74761.7578125
BTC-USD,2026-04-20 09:00:00+00:00,75066.09375
BTC-USD,2026-04-20 09:30:00+00:00,75100.453125
BTC-USD,2026-04-20 10:00:00+00:00,75338.96875
BTC-USD,2026-04-20 10:30:00+00:00,75068.6796875
BTC-USD,2026-04-20 11:00:00+00:00,75200.03125
BTC-USD,2026-04-20 11:30:00+00:00,75223.96875
BTC-USD,2026-04-20 12:00:00+00:00,75450.15625
BTC-USD,2026-04-20 12:30:00+00:00,75328.90625
BTC-USD,2026-04-20 13:00:00+00:00,75223.34375
BTC-USD,2026-04-20 13:30:00+00:00,75309.2890625
BTC-USD,2026-04-20 14:00:00+00:00,75613.5078125
BTC-USD,2026-04-20 14:30:00+00:00,75038.6875
BTC-USD,2026-04-20 15:00:00+00:00,75720.0
BTC-USD,2026-04-20 15:30:00+00:00,75747.078125
BTC-USD,2026-04-20 16:00:00+00:00,75389.9921875
BTC-USD,2026-04-20 16:30:00+00:00,75367.1328125
BTC-USD,2026-04-20 17:00:00+00:00,75758.203125
BTC-USD,2026-04-20 17:30:00+00:00,75937.3125
BTC-USD,2026-04-20 18:00:00+00:00,76135.0078125
BTC-USD,2026-04-20 18:30:00+00:00,76450.0
BTC-USD,2026-04-20 19:00:00+00:00,76241.1171875
BTC-USD,2026-04-20 19:30:00+00:00,76322.0078125
BTC-USD,2026-04-20 20:00:00+00:00,76365.90625
BTC-USD,2026-04-20 20:30:00+00:00,76317.28125
BTC-USD,2026-04-20 21:00:00+00:00,75962.25
BTC-USD,2026-04-20 21:30:00+00:00,75988.0
BTC-USD,2026-04-20 22:00:00+00:00,75953.8828125
BTC-USD,2026-04-20 22:30:00+00:00,76004.671875
BTC-USD,2026-04-20 23:00:00+00:00,75695.7578125
BTC-USD,2026-04-20 23:30:00+00:00,75864.859375
BTC-USD,2026-04-21 00:00:00+00:00,75929.9921875
BTC-USD,2026-04-21 00:30:00+00:00,76127.09375
BTC-USD,2026-04-21 01:00:00+00:00,76158.0078125
BTC-USD,2026-04-21 01:30:00+00:00,75955.0703125
BTC-USD,2026-04-21 02:00:00+00:00,75754.5
BTC-USD,2026-04-21 02:30:00+00:00,75613.75
BTC-USD,2026-04-21 03:00:00+00:00,75657.9921875
BTC-USD,2026-04-21 03:30:00+00:00,75740.578125
BTC-USD,2026-04-21 04:00:00+00:00,75655.0078125
BTC-USD,2026-04-21 04:30:00+00:00,75840.546875
BTC-USD,2026-04-21 05:00:00+00:00,75931.7890625
BTC-USD,2026-04-21 05:30:00+00:00,75835.7734375
BTC-USD,2026-04-21 06:00:00+00:00,75791.578125
BTC-USD,2026-04-21 06:30:00+00:00,76001.828125
BTC-USD,2026-04-21 07:00:00+00:00,76210.8203125
BTC-USD,2026-04-21 07:30:00+00:00,76118.09375
BTC-USD,2026-04-21 08:00:00+00:00,76379.8828125
BTC-USD,2026-04-21 08:30:00+00:00,76545.6484375
BTC-USD,2026-04-21 09:00:00+00:00,76280.25
BTC-USD,2026-04-21 09:30:00+00:00,76388.0234375
BTC-USD,2026-04-21 10:00:00+00:00,76543.96875
BTC-USD,2026-04-21 10:30:00+00:00,76775.1328125
BTC-USD,2026-04-21 11:00:00+00:00,76706.1796875
BTC-USD,2026-04-21 11:30:00+00:00,76478.6171875
BTC-USD,2026-04-21 12:00:00+00:00,76404.0078125
BTC-USD,2026-04-21 12:30:00+00:00,76039.8984375
BTC-USD,2026-04-21 13:00:00+00:00,76061.6875
BTC-USD,2026-04-21 13:30:00+00:00,75919.1328125
BTC-USD,2026-04-21 14:00:00+00:00,76139.0234375
BTC-USD,2026-04-21 14:30:00+00:00,75681.7109375
BTC-USD,2026-04-21 15:00:00+00:00,75699.359375
BTC-USD,2026-04-21 15:30:00+00:00,75850.8203125
BTC-USD,2026-04-21 16:00:00+00:00,75876.046875
BTC-USD,2026-04-21 16:30:00+00:00,75800.3515625
BTC-USD,2026-04-21 17:00:00+00:00,75346.828125
BTC-USD,2026-04-21 17:30:00+00:00,75567.2578125
BTC-USD,2026-04-21 18:00:00+00:00,75489.7890625
BTC-USD,2026-04-21 18:30:00+00:00,75622.7890625
BTC-USD,2026-04-21 19:00:00+00:00,75798.34375
BTC-USD,2026-04-21 19:30:00+00:00,75019.9921875
BTC-USD,2026-04-21 20:00:00+00:00,75656.7734375
BTC-USD,2026-04-21 20:30:00+00:00,75743.71875
BTC-USD,2026-04-21 21:00:00+00:00,75592.4375
BTC-USD,2026-04-21 21:30:00+00:00,75565.0078125
BTC-USD,2026-04-21 22:00:00+00:00,75389.1875
BTC-USD,2026-04-21 22:30:00+00:00,75662.0078125
BTC-USD,2026-04-21 23:00:00+00:00,75803.3203125
BTC-USD,2026-04-21 23:30:00+00:00,76346.8125
BTC-USD,2026-04-22 00:00:00+00:00,76288.0
BTC-USD,2026-04-22 00:30:00+00:00,76380.46875
BTC-USD,2026-04-22 01:00:00+00:00,76177.78125
BTC-USD,2026-04-22 01:30:00+00:00,76315.6484375
BTC-USD,2026-04-22 02:00:00+00:00,77256.0078125
BTC-USD,2026-04-22 02:30:00+00:00,77626.0078125
BTC-USD,2026-04-22 03:00:00+00:00,77543.5703125
BTC-USD,2026-04-22 03:30:00+00:00,77549.65625
BTC-USD,2026-04-22 04:00:00+00:00,77527.1875
BTC-USD,2026-04-22 04:30:00+00:00,77535.953125
BTC-USD,2026-04-22 05:00:00+00:00,78259.9765625
BTC-USD,2026-04-22 05:30:00+00:00,77991.9921875
BTC-USD,2026-04-22 06:00:00+00:00,77980.3125
BTC-USD,2026-04-22 06:30:00+00:00,78024.8828125
BTC-USD,2026-04-22 07:00:00+00:00,77905.6015625
BTC-USD,2026-04-22 07:30:00+00:00,78025.796875
BTC-USD,2026-04-22 08:00:00+00:00,77991.3203125
BTC-USD,2026-04-22 08:30:00+00:00,78029.703125
BTC-USD,2026-04-22 09:00:00+00:00,78171.9609375
BTC-USD,2026-04-22 09:30:00+00:00,78015.5625
BTC-USD,2026-04-22 10:00:00+00:00,78092.5625
BTC-USD,2026-04-22 10:30:00+00:00,78175.703125
BTC-USD,2026-04-22 11:00:00+00:00,78336.03125
BTC-USD,2026-04-22 11:30:00+00:00,78322.546875
BTC-USD,2026-04-22 12:00:00+00:00,78210.328125
BTC-USD,2026-04-22 12:30:00+00:00,78262.8984375
BTC-USD,2026-04-22 13:00:00+00:00,78484.0
BTC-USD,2026-04-22 13:30:00+00:00,78887.4296875
BTC-USD,2026-04-22 14:00:00+00:00,79035.9921875
BTC-USD,2026-04-22 14:30:00+00:00,79080.8984375
BTC-USD,2026-04-22 15:00:00+00:00,79115.453125
BTC-USD,2026-04-22 15:30:00+00:00,79323.609375
BTC-USD,2026-04-22 16:00:00+00:00,78972.421875
BTC-USD,2026-04-22 16:30:00+00:00,78779.2890625
BTC-USD,2026-04-22 17:00:00+00:00,78868.4609375
BTC-USD,2026-04-22 17:30:00+00:00,78922.9921875
BTC-USD,2026-04-22 18:00:00+00:00,78945.9375
BTC-USD,2026-04-22 18:30:00+00:00,79062.453125
BTC-USD,2026-04-22 19:00:00+00:00,79062.640625
BTC-USD,2026-04-22 19:30:00+00:00,78885.7421875
BTC-USD,2026-04-22 20:00:00+00:00,78611.9921875
BTC-USD,2026-04-22 20:30:00+00:00,78459.828125
BTC-USD,2026-04-22 21:00:00+00:00,78611.8671875
BTC-USD,2026-04-22 21:30:00+00:00,78794.7578125
BTC-USD,2026-04-22 22:00:00+00:00,78568.2578125
BTC-USD,2026-04-22 22:30:00+00:00,78642.8984375
BTC-USD,2026-04-22 23:00:00+00:00,78367.0
BTC-USD,2026-04-22 23:30:00+00:00,78208.5078125
BTC-USD,2026-04-23 00:00:00+00:00,78472.8125
BTC-USD,2026-04-23 00:30:00+00:00,78449.546875
BTC-USD,2026-04-23 01:00:00+00:00,78122.640625
BTC-USD,2026-04-23 01:30:00+00:00,78379.2109375
BTC-USD,2026-04-23 02:00:00+00:00,78062.546875
BTC-USD,2026-04-23 02:30:00+00:00,77967.453125
BTC-USD,2026-04-23 03:00:00+00:00,77710.0
BTC-USD,2026-04-23 03:30:00+00:00,77742.5703125
BTC-USD,2026-04-23 04:00:00+00:00,77825.2890625
BTC-USD,2026-04-23 04:30:00+00:00,77937.7265625
BTC-USD,2026-04-23 05:00:00+00:00,77928.046875
BTC-USD,2026-04-23 05:30:00+00:00,78032.90625
BTC-USD,2026-04-23 06:00:00+00:00,78315.53125
BTC-USD,2026-04-23 06:30:00+00:00,78240.0
BTC-USD,2026-04-23 07:00:00+00:00,78181.0390625
BTC-USD,2026-04-23 07:30:00+00:00,78086.140625
BTC-USD,2026-04-23 08:00:00+00:00,78006.25
BTC-USD,2026-04-23 08:30:00+00:00,77877.34375
BTC-USD,2026-04-23 09:00:00+00:00,77632.5390625
BTC-USD,2026-04-23 09:30:00+00:00,77672.03125
BTC-USD,2026-04-23 10:00:00+00:00,77416.0
BTC-USD,2026-04-23 10:30:00+00:00,77425.90625
BTC-USD,2026-04-23 11:00:00+00:00,77496.0078125
BTC-USD,2026-04-23 11:30:00+00:00,77722.296875
BTC-USD,2026-04-23 12:00:00+00:00,77790.8203125
BTC-USD,2026-04-23 12:30:00+00:00,77904.09375
BTC-USD,2026-04-23 13:00:00+00:00,77627.546875
BTC-USD,2026-04-23 13:30:00+00:00,77559.6796875
BTC-USD,2026-04-23 14:00:00+00:00,77766.1484375
BTC-USD,2026-04-23 14:30:00+00:00,78216.578125
BTC-USD,2026-04-23 15:00:00+00:00,78425.0703125
BTC-USD,2026-04-23 15:30:00+00:00,78413.1796875
BTC-USD,2026-04-23 16:00:00+00:00,78327.703125
BTC-USD,2026-04-23 16:30:00+00:00,78143.3984375
BTC-USD,2026-04-23 17:00:00+00:00,77625.75
BTC-USD,2026-04-23 17:30:00+00:00,77796.421875
BTC-USD,2026-04-23 18:00:00+00:00,77939.0625
BTC-USD,2026-04-23 18:30:00+00:00,77739.09375
BTC-USD,2026-04-23 19:00:00+00:00,77882.171875
BTC-USD,2026-04-23 19:30:00+00:00,77745.296875
BTC-USD,2026-04-23 20:00:00+00:00,77759.5
BTC-USD,2026-04-23 20:30:00+00:00,77906.1015625
BTC-USD,2026-04-23 21:00:00+00:00,77941.9921875
BTC-USD,2026-04-23 21:30:00+00:00,77901.0390625
BTC-USD,2026-04-23 22:00:00+00:00,78197.8515625
BTC-USD,2026-04-23 22:30:00+00:00,78257.140625
BTC-USD,2026-04-23 23:00:00+00:00,78158.03125
BTC-USD,2026-04-23 23:30:00+00:00,78281.1484375
BTC-USD,2026-04-24 00:00:00+00:00,78433.09375
BTC-USD,2026-04-24 00:30:00+00:00,78446.0234375
BTC-USD,2026-04-24 01:00:00+00:00,78054.0234375
BTC-USD,2026-04-24 01:30:00+00:00,78464.1015625
BTC-USD,2026-04-24 02:00:00+00:00,78284.296875
BTC-USD,2026-04-24 02:30:00+00:00,78154.1015625
BTC-USD,2026-04-24 03:00:00+00:00,77785.0
BTC-USD,2026-04-24 03:30:00+00:00,77755.390625
BTC-USD,2026-04-24 04:00:00+00:00,77634.859375
BTC-USD,2026-04-24 04:30:00+00:00,77682.90625
BTC-USD,2026-04-24 05:00:00+00:00,77654.703125
BTC-USD,2026-04-24 05:30:00+00:00,77971.828125
BTC-USD,2026-04-24 06:00:00+00:00,77859.078125
BTC-USD,2026-04-24 06:30:00+00:00,77813.1171875
BTC-USD,2026-04-24 07:00:00+00:00,77743.0234375
BTC-USD,2026-04-24 07:30:00+00:00,77676.9609375
BTC-USD,2026-04-24 08:00:00+00:00,77878.703125
BTC-USD,2026-04-24 08:30:00+00:00,77808.7265625
BTC-USD,2026-04-24 09:00:00+00:00,77508.28125
BTC-USD,2026-04-24 09:30:00+00:00,77551.890625
BTC-USD,2026-04-24 10:00:00+00:00,77697.25
BTC-USD,2026-04-24 10:30:00+00:00,77765.3515625
BTC-USD,2026-04-24 11:00:00+00:00,78336.2265625
BTC-USD,2026-04-24 11:30:00+00:00,78256.1328125
BTC-USD,2026-04-24 12:00:00+00:00,78296.890625
BTC-USD,2026-04-24 12:30:00+00:00,78298.78125
BTC-USD,2026-04-24 13:00:00+00:00,78185.359375
BTC-USD,2026-04-24 13:30:00+00:00,78107.84375
BTC-USD,2026-04-24 14:00:00+00:00,77727.71875
BTC-USD,2026-04-24 14:30:00+00:00,78074.15625
BTC-USD,2026-04-24 15:00:00+00:00,77842.1015625
BTC-USD,2026-04-24 15:30:00+00:00,78070.7578125
BTC-USD,2026-04-24 16:00:00+00:00,77737.1875
BTC-USD,2026-04-24 16:30:00+00:00,77804.0390625
BTC-USD,2026-04-24 17:00:00+00:00,77700.0625
BTC-USD,2026-04-24 17:30:00+00:00,77705.53125
BTC-USD,2026-04-24 18:00:00+00:00,77518.7734375
BTC-USD,2026-04-24 18:30:00+00:00,77637.609375
BTC-USD,2026-04-24 19:00:00+00:00,77602.140625
BTC-USD,2026-04-24 19:30:00+00:00,77661.8203125
BTC-USD,2026-04-24 20:00:00+00:00,77564.5234375
BTC-USD,2026-04-24 20:30:00+00:00,77748.6875
BTC-USD,2026-04-24 21:00:00+00:00,77650.7265625
BTC-USD,2026-04-24 21:30:00+00:00,77565.4375
BTC-USD,2026-04-24 22:00:00+00:00,77572.6484375
BTC-USD,2026-04-24 22:30:00+00:00,77360.78125
BTC-USD,2026-04-24 23:00:00+00:00,77432.1015625
BTC-USD,2026-04-24 23:30:00+00:00,77461.7890625
BTC-USD,2026-04-25 00:00:00+00:00,77341.796875
BTC-USD,2026-04-25 00:30:00+00:00,77483.4296875
BTC-USD,2026-04-25 01:00:00+00:00,77509.6796875
BTC-USD,2026-04-25 01:30:00+00:00,77559.96875
BTC-USD,2026-04-25 02:00:00+00:00,77658.4921875
BTC-USD,2026-04-25 02:30:00+00:00,77634.9609375
BTC-USD,2026-04-25 03:00:00+00:00,77581.8515625
BTC-USD,2026-04-25 03:30:00+00:00,77699.90625
BTC-USD,2026-04-25 04:00:00+00:00,77667.1328125
BTC-USD,2026-04-25 04:30:00+00:00,77641.15625
BTC-USD,2026-04-25 05:00:00+00:00,77541.109375
BTC-USD,2026-04-25 05:30:00+00:00,77542.1875
BTC-USD,2026-04-25 06:00:00+00:00,77511.28125
BTC-USD,2026-04-25 06:30:00+00:00,77526.421875
BTC-USD,2026-04-25 07:00:00+00:00,77565.1171875
BTC-USD,2026-04-25 07:30:00+00:00,77521.96875
BTC-USD,2026-04-25 08:00:00+00:00,77598.8828125
BTC-USD,2026-04-25 08:30:00+00:00,77672.640625
BTC-USD,2026-04-25 09:00:00+00:00,77615.0234375
BTC-USD,2026-04-25 09:30:00+00:00,77738.1875
BTC-USD,2026-04-25 10:00:00+00:00,77849.59375
BTC-USD,2026-04-25 10:30:00+00:00,77809.4765625
BTC-USD,2026-04-25 11:00:00+00:00,77695.0078125
BTC-USD,2026-04-25 11:30:00+00:00,77706.171875
BTC-USD,2026-04-25 12:00:00+00:00,77634.3203125
BTC-USD,2026-04-25 12:30:00+00:00,77575.2890625
BTC-USD,2026-04-25 13:00:00+00:00,77636.828125
BTC-USD,2026-04-25 13:30:00+00:00,77701.359375
BTC-USD,2026-04-25 14:00:00+00:00,77743.0
BTC-USD,2026-04-25 14:30:00+00:00,77679.9609375
BTC-USD,2026-04-25 15:00:00+00:00,77728.0078125
BTC-USD,2026-04-25 15:30:00+00:00,77354.0625
BTC-USD,2026-04-25 16:00:00+00:00,77428.0
BTC-USD,2026-04-25 16:30:00+00:00,77427.6875
BTC-USD,2026-04-25 17:00:00+00:00,77352.7265625
BTC-USD,2026-04-25 17:30:00+00:00,77274.5234375
BTC-USD,2026-04-25 18:00:00+00:00,77342.3828125
BTC-USD,2026-04-25 18:30:00+00:00,77311.0078125
BTC-USD,2026-04-25 19:00:00+00:00,77272.96875
BTC-USD,2026-04-25 19:30:00+00:00,77339.78125
BTC-USD,2026-04-25 20:00:00+00:00,77443.2734375
BTC-USD,2026-04-25 20:30:00+00:00,77497.0703125
BTC-USD,2026-04-25 21:00:00+00:00,77543.421875
BTC-USD,2026-04-25 21:30:00+00:00,77548.9296875
BTC-USD,2026-04-25 22:00:00+00:00,77576.703125
BTC-USD,2026-04-25 22:30:00+00:00,77577.9609375
BTC-USD,2026-04-25 23:00:00+00:00,77614.5234375
BTC-USD,2026-04-25 23:30:00+00:00,77650.71875
BTC-USD,2026-04-26 00:00:00+00:00,77493.390625
BTC-USD,2026-04-26 00:30:00+00:00,77520.34375
BTC-USD,2026-04-26 01:00:00+00:00,77529.8828125
BTC-USD,2026-04-26 01:30:00+00:00,77479.2734375
BTC-USD,2026-04-26 02:00:00+00:00,77577.4609375
BTC-USD,2026-04-26 02:30:00+00:00,77545.7109375
BTC-USD,2026-04-26 03:00:00+00:00,77450.0390625
BTC-USD,2026-04-26 03:30:00+00:00,77408.0
BTC-USD,2026-04-26 04:00:00+00:00,77496.1015625
BTC-USD,2026-04-26 04:30:00+00:00,77790.6171875
BTC-USD,2026-04-26 05:00:00+00:00,78126.4921875
BTC-USD,2026-04-26 05:30:00+00:00,78004.96875
BTC-USD,2026-04-26 06:00:00+00:00,77962.6171875
BTC-USD,2026-04-26 06:30:00+00:00,78019.1875
BTC-USD,2026-04-26 07:00:00+00:00,78020.921875
BTC-USD,2026-04-26 07:30:00+00:00,78126.3125
BTC-USD,2026-04-26 08:00:00+00:00,78112.7265625
BTC-USD,2026-04-26 08:30:00+00:00,78050.0078125
BTC-USD,2026-04-26 09:00:00+00:00,78033.0078125
BTC-USD,2026-04-26 09:30:00+00:00,78026.921875
BTC-USD,2026-04-26 10:00:00+00:00,78030.453125
BTC-USD,2026-04-26 10:30:00+00:00,78024.640625
BTC-USD,2026-04-26 11:00:00+00:00,78159.9921875
BTC-USD,2026-04-26 11:30:00+00:00,78118.0
BTC-USD,2026-04-26 12:00:00+00:00,77995.90625
BTC-USD,2026-04-26 12:30:00+00:00,77850.8125
BTC-USD,2026-04-26 13:00:00+00:00,77897.9765625
BTC-USD,2026-04-26 13:30:00+00:00,77993.75
BTC-USD,2026-04-26 14:00:00+00:00,78079.828125
BTC-USD,2026-04-26 14:30:00+00:00,78108.3671875
BTC-USD,2026-04-26 15:00:00+00:00,78122.4765625
BTC-USD,2026-04-26 15:30:00+00:00,78073.828125
BTC-USD,2026-04-26 16:00:00+00:00,78072.6484375
BTC-USD,2026-04-26 16:30:00+00:00,77954.359375
BTC-USD,2026-04-26 17:00:00+00:00,78037.40625
BTC-USD,2026-04-26 17:30:00+00:00,78037.4609375
BTC-USD,2026-04-26 18:00:00+00:00,78202.03125
BTC-USD,2026-04-26 18:30:00+00:00,78301.9921875
BTC-USD,2026-04-26 19:00:00+00:00,78223.2265625
BTC-USD,2026-04-26 19:30:00+00:00,78258.0
BTC-USD,2026-04-26 20:00:00+00:00,78255.0078125
BTC-USD,2026-04-26 20:30:00+00:00,78228.578125
BTC-USD,2026-04-26 21:00:00+00:00,78218.7109375
BTC-USD,2026-04-26 21:30:00+00:00,78437.9609375
BTC-USD,2026-04-26 22:00:00+00:00,78572.390625
BTC-USD,2026-04-26 22:30:00+00:00,78339.53125
BTC-USD,2026-04-26 23:00:00+00:00,78172.2421875
BTC-USD,2026-04-26 23:30:00+00:00,78664.640625
BTC-USD,2026-04-27 00:00:00+00:00,78499.0703125
BTC-USD,2026-04-27 00:30:00+00:00,79263.96875
BTC-USD,2026-04-27 01:00:00+00:00,78919.5078125
BTC-USD,2026-04-27 01:30:00+00:00,79298.0
BTC-USD,2026-04-27 02:00:00+00:00,79136.9921875
BTC-USD,2026-04-27 02:30:00+00:00,79150.0
BTC-USD,2026-04-27 03:00:00+00:00,79274.8203125
BTC-USD,2026-04-27 03:30:00+00:00,79120.0234375
BTC-USD,2026-04-27 04:00:00+00:00,79132.71875
BTC-USD,2026-04-27 04:30:00+00:00,78942.0234375
BTC-USD,2026-04-27 05:00:00+00:00,77850.4296875
BTC-USD,2026-04-27 05:30:00+00:00,77798.7109375
BTC-USD,2026-04-27 06:00:00+00:00,77736.0078125
BTC-USD,2026-04-27 06:30:00+00:00,77709.7578125
BTC-USD,2026-04-27 07:00:00+00:00,77693.34375
BTC-USD,2026-04-27 07:30:00+00:00,77621.2109375
BTC-USD,2026-04-27 08:00:00+00:00,77585.1171875
BTC-USD,2026-04-27 08:30:00+00:00,77811.5625
BTC-USD,2026-04-27 09:00:00+00:00,77779.0078125
BTC-USD,2026-04-27 09:30:00+00:00,77902.453125
BTC-USD,2026-04-27 10:00:00+00:00,77819.75
BTC-USD,2026-04-27 10:30:00+00:00,77857.4375
BTC-USD,2026-04-27 11:00:00+00:00,77865.03125
BTC-USD,2026-04-27 11:30:00+00:00,77847.890625
BTC-USD,2026-04-27 12:00:00+00:00,77756.15625
BTC-USD,2026-04-27 12:30:00+00:00,77671.0390625
BTC-USD,2026-04-27 13:00:00+00:00,77712.921875
BTC-USD,2026-04-27 13:30:00+00:00,77750.0
BTC-USD,2026-04-27 14:00:00+00:00,77884.78125
BTC-USD,2026-04-27 14:30:00+00:00,77807.8125
BTC-USD,2026-04-27 15:00:00+00:00,76845.0078125
BTC-USD,2026-04-27 15:30:00+00:00,76772.921875
BTC-USD,2026-04-27 16:00:00+00:00,76738.546875
BTC-USD,2026-04-27 16:30:00+00:00,76615.84375
BTC-USD,2026-04-27 17:00:00+00:00,76828.0
BTC-USD,2026-04-27 17:30:00+00:00,76721.2265625
BTC-USD,2026-04-27 18:00:00+00:00,76678.1875
BTC-USD,2026-04-27 18:30:00+00:00,76814.0078125
BTC-USD,2026-04-27 19:00:00+00:00,76613.9765625
BTC-USD,2026-04-27 19:30:00+00:00,76878.0
BTC-USD,2026-04-27 20:00:00+00:00,76993.9921875
BTC-USD,2026-04-27 20:30:00+00:00,76955.3671875
BTC-USD,2026-04-27 21:00:00+00:00,76908.75
BTC-USD,2026-04-27 21:30:00+00:00,76777.0
BTC-USD,2026-04-27 22:00:00+00:00,76976.4375
BTC-USD,2026-04-27 22:30:00+00:00,77051.109375
BTC-USD,2026-04-27 23:00:00+00:00,77124.0234375
BTC-USD,2026-04-27 23:30:00+00:00,77364.40625
BTC-USD,2026-04-28 00:00:00+00:00,77225.0625
BTC-USD,2026-04-28 00:30:00+00:00,77381.796875
BTC-USD,2026-04-28 01:00:00+00:00,77239.796875
BTC-USD,2026-04-28 01:30:00+00:00,77078.359375
BTC-USD,2026-04-28 02:00:00+00:00,77003.890625
BTC-USD,2026-04-28 02:30:00+00:00,76888.0234375
BTC-USD,2026-04-28 03:00:00+00:00,76769.3515625
BTC-USD,2026-04-28 03:30:00+00:00,76809.3515625
BTC-USD,2026-04-28 04:00:00+00:00,76795.3828125
BTC-USD,2026-04-28 04:30:00+00:00,76885.6015625
BTC-USD,2026-04-28 05:00:00+00:00,77065.7890625
BTC-USD,2026-04-28 05:30:00+00:00,76889.9609375
BTC-USD,2026-04-28 06:00:00+00:00,76902.859375
BTC-USD,2026-04-28 06:30:00+00:00,76702.9921875
BTC-USD,2026-04-28 07:00:00+00:00,76645.9296875
BTC-USD,2026-04-28 07:30:00+00:00,76864.3203125
BTC-USD,2026-04-28 08:00:00+00:00,76976.6328125
BTC-USD,2026-04-28 08:30:00+00:00,76857.03125
BTC-USD,2026-04-28 09:00:00+00:00,76792.5625
BTC-USD,2026-04-28 09:30:00+00:00,76587.2421875
BTC-USD,2026-04-28 10:00:00+00:00,76522.921875
BTC-USD,2026-04-28 10:30:00+00:00,76610.0078125
BTC-USD,2026-04-28 11:00:00+00:00,76329.9921875
BTC-USD,2026-04-28 11:30:00+00:00,76219.9765625
BTC-USD,2026-04-28 12:00:00+00:00,76226.078125
BTC-USD,2026-04-28 12:30:00+00:00,76386.953125
BTC-USD,2026-04-28 13:00:00+00:00,76197.546875
BTC-USD,2026-04-28 13:30:00+00:00,76191.3203125
BTC-USD,2026-04-28 14:00:00+00:00,75811.0
BTC-USD,2026-04-28 14:30:00+00:00,75940.0078125
BTC-USD,2026-04-28 15:00:00+00:00,76009.453125
BTC-USD,2026-04-28 15:30:00+00:00,76050.296875
BTC-USD,2026-04-28 16:00:00+00:00,75934.578125
BTC-USD,2026-04-28 16:30:00+00:00,76109.2734375
BTC-USD,2026-04-28 17:00:00+00:00,76079.9921875
BTC-USD,2026-04-28 17:30:00+00:00,76166.7890625
BTC-USD,2026-04-28 18:00:00+00:00,76221.1796875
BTC-USD,2026-04-28 18:30:00+00:00,76220.65625
BTC-USD,2026-04-28 19:00:00+00:00,76152.2734375
BTC-USD,2026-04-28 19:30:00+00:00,76325.9765625
BTC-USD,2026-04-28 20:00:00+00:00,76365.40625
BTC-USD,2026-04-28 20:30:00+00:00,76461.9921875
BTC-USD,2026-04-28 21:00:00+00:00,76301.0
BTC-USD,2026-04-28 21:30:00+00:00,76349.5234375
BTC-USD,2026-04-28 22:00:00+00:00,76322.359375
BTC-USD,2026-04-28 22:30:00+00:00,76229.796875
BTC-USD,2026-04-28 23:00:00+00:00,76265.9921875
BTC-USD,2026-04-28 23:30:00+00:00,76315.90625
BTC-USD,2026-04-29 00:00:00+00:00,76298.0
BTC-USD,2026-04-29 00:30:00+00:00,76502.3515625
BTC-USD,2026-04-29 01:00:00+00:00,76218.4765625
BTC-USD,2026-04-29 01:30:00+00:00,76544.703125
BTC-USD,2026-04-29 02:00:00+00:00,76440.453125
BTC-USD,2026-04-29 02:30:00+00:00,76509.2734375
BTC-USD,2026-04-29 03:00:00+00:00,76864.328125
BTC-USD,2026-04-29 03:30:00+00:00,76987.2734375
BTC-USD,2026-04-29 04:00:00+00:00,77028.8984375
BTC-USD,2026-04-29 04:30:00+00:00,77260.8984375
BTC-USD,2026-04-29 05:00:00+00:00,77260.546875
BTC-USD,2026-04-29 05:30:00+00:00,77280.359375
BTC-USD,2026-04-29 06:00:00+00:00,77076.4765625
BTC-USD,2026-04-29 06:30:00+00:00,77001.609375
BTC-USD,2026-04-29 07:00:00+00:00,77046.03125
BTC-USD,2026-04-29 07:30:00+00:00,77034.0390625
BTC-USD,2026-04-29 08:00:00+00:00,77095.1015625
BTC-USD,2026-04-29 08:30:00+00:00,77029.453125
BTC-USD,2026-04-29 09:00:00+00:00,77123.03125
BTC-USD,2026-04-29 09:30:00+00:00,77646.2421875
BTC-USD,2026-04-29 10:00:00+00:00,77889.7265625
BTC-USD,2026-04-29 10:30:00+00:00,77618.0
BTC-USD,2026-04-29 11:00:00+00:00,77502.0625
BTC-USD,2026-04-29 11:30:00+00:00,77581.921875
BTC-USD,2026-04-29 12:00:00+00:00,77130.7265625
BTC-USD,2026-04-29 12:30:00+00:00,77122.0234375
BTC-USD,2026-04-29 13:00:00+00:00,76914.5703125
BTC-USD,2026-04-29 13:30:00+00:00,76758.2109375
BTC-USD,2026-04-29 14:00:00+00:00,76693.2890625
BTC-USD,2026-04-29 14:30:00+00:00,76545.2109375
BTC-USD,2026-04-29 15:00:00+00:00,76202.6875
BTC-USD,2026-04-29 15:30:00+00:00,75868.4375
BTC-USD,2026-04-29 16:00:00+00:00,75807.21875
BTC-USD,2026-04-29 16:30:00+00:00,75766.9375
BTC-USD,2026-04-29 17:00:00+00:00,75854.0
BTC-USD,2026-04-29 17:30:00+00:00,76132.0390625
BTC-USD,2026-04-29 18:00:00+00:00,75125.9921875
BTC-USD,2026-04-29 18:30:00+00:00,75483.90625
BTC-USD,2026-04-29 19:00:00+00:00,75495.9921875
BTC-USD,2026-04-29 19:30:00+00:00,75529.6328125
BTC-USD,2026-04-29 20:00:00+00:00,75652.0078125
BTC-USD,2026-04-29 20:30:00+00:00,75646.8828125
BTC-USD,2026-04-29 21:00:00+00:00,75802.59375
BTC-USD,2026-04-29 21:30:00+00:00,75901.8828125
BTC-USD,2026-04-29 22:00:00+00:00,75813.2265625
BTC-USD,2026-04-29 22:30:00+00:00,75895.5078125
BTC-USD,2026-04-29 23:00:00+00:00,75738.140625
BTC-USD,2026-04-29 23:30:00+00:00,75752.8828125
BTC-USD,2026-04-30 00:00:00+00:00,75780.2734375
BTC-USD,2026-04-30 00:30:00+00:00,76232.5625
BTC-USD,2026-04-30 01:00:00+00:00,76325.6484375
BTC-USD,2026-04-30 01:30:00+00:00,76212.84375
BTC-USD,2026-04-30 02:00:00+00:00,76077.4765625
BTC-USD,2026-04-30 02:30:00+00:00,75673.171875
BTC-USD,2026-04-30 03:00:00+00:00,75870.9609375
BTC-USD,2026-04-30 03:30:00+00:00,75901.8203125
BTC-USD,2026-04-30 04:00:00+00:00,75644.40625
BTC-USD,2026-04-30 04:30:00+00:00,75456.2734375
BTC-USD,2026-04-30 05:00:00+00:00,75395.6484375
BTC-USD,2026-04-30 05:30:00+00:00,75567.8984375
BTC-USD,2026-04-30 06:00:00+00:00,75654.9375
BTC-USD,2026-04-30 06:30:00+00:00,75726.171875
BTC-USD,2026-04-30 07:00:00+00:00,75861.6484375
BTC-USD,2026-04-30 07:30:00+00:00,76134.328125
BTC-USD,2026-04-30 08:00:00+00:00,76043.953125
BTC-USD,2026-04-30 08:30:00+00:00,76035.7421875
BTC-USD,2026-04-30 09:00:00+00:00,76171.828125
BTC-USD,2026-04-30 09:30:00+00:00,76071.859375
BTC-USD,2026-04-30 10:00:00+00:00,75957.8828125
BTC-USD,2026-04-30 10:30:00+00:00,75994.2890625
BTC-USD,2026-04-30 11:00:00+00:00,76082.390625
BTC-USD,2026-04-30 11:30:00+00:00,76031.9765625
BTC-USD,2026-04-30 12:00:00+00:00,76315.0234375
BTC-USD,2026-04-30 12:30:00+00:00,76278.4375
BTC-USD,2026-04-30 13:00:00+00:00,76144.5703125
BTC-USD,2026-04-30 13:30:00+00:00,76382.0
BTC-USD,2026-04-30 14:00:00+00:00,76321.6171875
BTC-USD,2026-04-30 14:30:00+00:00,76268.4921875
BTC-USD,2026-04-30 15:00:00+00:00,76478.6328125
BTC-USD,2026-04-30 15:30:00+00:00,76438.84375
BTC-USD,2026-04-30 16:00:00+00:00,76327.953125
BTC-USD,2026-04-30 16:30:00+00:00,76220.046875
BTC-USD,2026-04-30 17:00:00+00:00,76114.2109375
BTC-USD,2026-04-30 17:30:00+00:00,76210.4296875
BTC-USD,2026-04-30 18:00:00+00:00,76246.4296875
BTC-USD,2026-04-30 18:30:00+00:00,76316.0
BTC-USD,2026-04-30 19:00:00+00:00,76452.53125
BTC-USD,2026-04-30 19:30:00+00:00,76381.3203125
BTC-USD,2026-04-30 20:00:00+00:00,76439.7421875
BTC-USD,2026-04-30 20:30:00+00:00,76461.5
BTC-USD,2026-04-30 21:00:00+00:00,76300.109375
BTC-USD,2026-04-30 21:30:00+00:00,76207.90625
BTC-USD,2026-04-30 22:00:00+00:00,76401.9921875
BTC-USD,2026-04-30 22:30:00+00:00,76205.359375
BTC-USD,2026-04-30 23:00:00+00:00,76303.609375
BTC-USD,2026-04-30 23:30:00+00:00,76305.0
BTC-USD,2026-05-01 00:00:00+00:00,76495.8984375
BTC-USD,2026-05-01 00:30:00+00:00,76423.2421875
BTC-USD,2026-05-01 01:00:00+00:00,76505.5703125
BTC-USD,2026-05-01 01:30:00+00:00,76650.7421875
BTC-USD,2026-05-01 02:00:00+00:00,76597.078125
BTC-USD,2026-05-01 02:30:00+00:00,76566.4609375
BTC-USD,2026-05-01 03:00:00+00:00,77166.8828125
BTC-USD,2026-05-01 03:30:00+00:00,77091.84375
BTC-USD,2026-05-01 04:00:00+00:00,76992.0234375
BTC-USD,2026-05-01 04:30:00+00:00,77004.9921875
BTC-USD,2026-05-01 05:00:00+00:00,77048.0
BTC-USD,2026-05-01 05:30:00+00:00,77140.578125
BTC-USD,2026-05-01 06:00:00+00:00,77128.84375
BTC-USD,2026-05-01 06:30:00+00:00,76971.9921875
BTC-USD,2026-05-01 07:00:00+00:00,76966.3671875
BTC-USD,2026-05-01 07:30:00+00:00,77108.0234375
BTC-USD,2026-05-01 08:00:00+00:00,77424.34375
BTC-USD,2026-05-01 08:30:00+00:00,77358.3984375
BTC-USD,2026-05-01 09:00:00+00:00,77332.421875
BTC-USD,2026-05-01 09:30:00+00:00,77266.0
BTC-USD,2026-05-01 10:00:00+00:00,77333.59375
BTC-USD,2026-05-01 10:30:00+00:00,77280.046875
BTC-USD,2026-05-01 11:00:00+00:00,77371.7890625
BTC-USD,2026-05-01 11:30:00+00:00,77452.7265625
BTC-USD,2026-05-01 12:00:00+00:00,77755.1171875
BTC-USD,2026-05-01 12:30:00+00:00,77889.2734375
BTC-USD,2026-05-01 13:00:00+00:00,78282.2734375
BTC-USD,2026-05-01 13:30:00+00:00,78759.96875
BTC-USD,2026-05-01 14:00:00+00:00,78287.171875
BTC-USD,2026-05-01 14:30:00+00:00,78364.2734375
BTC-USD,2026-05-01 15:00:00+00:00,78547.6328125
BTC-USD,2026-05-01 15:30:00+00:00,78445.1171875
BTC-USD,2026-05-01 16:00:00+00:00,78324.7578125
BTC-USD,2026-05-01 16:30:00+00:00,78202.9296875
BTC-USD,2026-05-01 17:00:00+00:00,78250.0
BTC-USD,2026-05-01 17:30:00+00:00,78550.0
BTC-USD,2026-05-01 18:00:00+00:00,78538.546875
BTC-USD,2026-05-01 18:30:00+00:00,78432.0
BTC-USD,2026-05-01 19:00:00+00:00,78429.0703125
BTC-USD,2026-05-01 19:30:00+00:00,78373.9765625
BTC-USD,2026-05-01 20:00:00+00:00,78141.453125
BTC-USD,2026-05-01 20:30:00+00:00,77872.8125
BTC-USD,2026-05-01 21:00:00+00:00,78026.4375
BTC-USD,2026-05-01 21:30:00+00:00,78207.0390625
BTC-USD,2026-05-01 22:00:00+00:00,78350.0
BTC-USD,2026-05-01 22:30:00+00:00,78146.671875
BTC-USD,2026-05-01 23:00:00+00:00,78042.3984375
BTC-USD,2026-05-01 23:30:00+00:00,78234.046875
BTC-USD,2026-05-02 00:00:00+00:00,78279.0390625
BTC-USD,2026-05-02 00:30:00+00:00,78346.0234375
BTC-USD,2026-05-02 01:00:00+00:00,78345.3984375
BTC-USD,2026-05-02 01:30:00+00:00,78342.0
BTC-USD,2026-05-02 02:00:00+00:00,78266.15625
BTC-USD,2026-05-02 02:30:00+00:00,78358.1015625
BTC-USD,2026-05-02 03:00:00+00:00,78382.8515625
BTC-USD,2026-05-02 03:30:00+00:00,78409.6328125
BTC-USD,2026-05-02 04:00:00+00:00,78281.046875
BTC-USD,2026-05-02 04:30:00+00:00,78179.3828125
BTC-USD,2026-05-02 05:00:00+00:00,78104.796875
BTC-USD,2026-05-02 05:30:00+00:00,78179.6015625
BTC-USD,2026-05-02 06:00:00+00:00,78146.640625
BTC-USD,2026-05-02 06:30:00+00:00,78324.0234375
BTC-USD,2026-05-02 07:00:00+00:00,78319.1875
BTC-USD,2026-05-02 07:30:00+00:00,78220.2109375
BTC-USD,2026-05-02 08:00:00+00:00,78278.0234375
BTC-USD,2026-05-02 08:30:00+00:00,78311.359375
BTC-USD,2026-05-02 09:00:00+00:00,78306.2890625
BTC-USD,2026-05-02 09:30:00+00:00,78299.7890625
BTC-USD,2026-05-02 10:00:00+00:00,78251.3515625
BTC-USD,2026-05-02 10:30:00+00:00,78249.9765625
BTC-USD,2026-05-02 11:00:00+00:00,78212.34375
BTC-USD,2026-05-02 11:30:00+00:00,78147.0390625
BTC-USD,2026-05-02 12:00:00+00:00,78245.546875
BTC-USD,2026-05-02 12:30:00+00:00,78213.15625
BTC-USD,2026-05-02 13:00:00+00:00,78301.140625
BTC-USD,2026-05-02 13:30:00+00:00,78364.6796875
BTC-USD,2026-05-02 14:00:00+00:00,78400.796875
BTC-USD,2026-05-02 14:30:00+00:00,78415.34375
BTC-USD,2026-05-02 15:00:00+00:00,78377.8984375
BTC-USD,2026-05-02 15:30:00+00:00,78483.5234375
BTC-USD,2026-05-02 16:00:00+00:00,78501.046875
BTC-USD,2026-05-02 16:30:00+00:00,78446.03125
BTC-USD,2026-05-02 17:00:00+00:00,78428.0
BTC-USD,2026-05-02 17:30:00+00:00,78393.078125
BTC-USD,2026-05-02 18:00:00+00:00,78391.328125
BTC-USD,2026-05-02 18:30:00+00:00,78456.0078125
BTC-USD,2026-05-02 19:00:00+00:00,78445.421875
BTC-USD,2026-05-02 19:30:00+00:00,78484.46875
BTC-USD,2026-05-02 20:00:00+00:00,78432.3828125
BTC-USD,2026-05-02 20:30:00+00:00,78458.671875
BTC-USD,2026-05-02 21:00:00+00:00,78497.0234375
BTC-USD,2026-05-02 21:30:00+00:00,78724.6875
BTC-USD,2026-05-02 22:00:00+00:00,78625.9765625
BTC-USD,2026-05-02 22:30:00+00:00,78833.9765625
BTC-USD,2026-05-02 23:00:00+00:00,78802.0
BTC-USD,2026-05-02 23:30:00+00:00,78682.3125
BTC-USD,2026-05-03 00:00:00+00:00,78634.0703125
BTC-USD,2026-05-03 00:30:00+00:00,78551.7109375
BTC-USD,2026-05-03 01:00:00+00:00,78289.40625
BTC-USD,2026-05-03 01:30:00+00:00,78250.0
BTC-USD,2026-05-03 02:00:00+00:00,78106.0390625
BTC-USD,2026-05-03 02:30:00+00:00,78162.859375
BTC-USD,2026-05-03 03:00:00+00:00,78109.5
BTC-USD,2026-05-03 03:30:00+00:00,78196.0234375
BTC-USD,2026-05-03 04:00:00+00:00,78212.578125
BTC-USD,2026-05-03 04:30:00+00:00,78164.859375
BTC-USD,2026-05-03 05:00:00+00:00,78209.8515625
BTC-USD,2026-05-03 05:30:00+00:00,78239.8671875
BTC-USD,2026-05-03 06:00:00+00:00,78104.640625
BTC-USD,2026-05-03 06:30:00+00:00,78281.1796875
BTC-USD,2026-05-03 07:00:00+00:00,78400.1484375
BTC-USD,2026-05-03 07:30:00+00:00,78357.6328125
BTC-USD,2026-05-03 08:00:00+00:00,78409.7265625
BTC-USD,2026-05-03 08:30:00+00:00,78382.84375
BTC-USD,2026-05-03 09:00:00+00:00,78491.421875
BTC-USD,2026-05-03 09:30:00+00:00,78532.4375
BTC-USD,2026-05-03 10:00:00+00:00,78426.8125
BTC-USD,2026-05-03 10:30:00+00:00,78404.7578125
BTC-USD,2026-05-03 11:00:00+00:00,78517.4375
BTC-USD,2026-05-03 11:30:00+00:00,78657.9921875
BTC-USD,2026-05-03 12:00:00+00:00,78771.78125
BTC-USD,2026-05-03 12:30:00+00:00,78746.1328125
BTC-USD,2026-05-03 13:00:00+00:00,78639.5703125
BTC-USD,2026-05-03 13:30:00+00:00,78660.0
BTC-USD,2026-05-03 14:00:00+00:00,78678.4296875
BTC-USD,2026-05-03 14:30:00+00:00,78730.390625
BTC-USD,2026-05-03 15:00:00+00:00,78752.0390625
BTC-USD,2026-05-03 15:30:00+00:00,78656.84375
BTC-USD,2026-05-03 16:00:00+00:00,78652.6484375
BTC-USD,2026-05-03 16:30:00+00:00,78655.4609375
BTC-USD,2026-05-03 17:00:00+00:00,78725.0
BTC-USD,2026-05-03 17:30:00+00:00,78721.359375
BTC-USD,2026-05-03 18:00:00+00:00,78725.390625
BTC-USD,2026-05-03 18:30:00+00:00,78732.28125
BTC-USD,2026-05-03 19:00:00+00:00,78681.59375
BTC-USD,2026-05-03 19:30:00+00:00,78753.15625
BTC-USD,2026-05-03 20:00:00+00:00,78917.078125
BTC-USD,2026-05-03 20:30:00+00:00,78920.7734375
BTC-USD,2026-05-03 21:00:00+00:00,78919.1484375
BTC-USD,2026-05-03 21:30:00+00:00,78822.5390625
BTC-USD,2026-05-03 22:00:00+00:00,79071.3671875
BTC-USD,2026-05-03 22:30:00+00:00,79168.2578125
BTC-USD,2026-05-03 23:00:00+00:00,78638.6328125
BTC-USD,2026-05-03 23:30:00+00:00,78558.7421875
BTC-USD,2026-05-04 00:00:00+00:00,78351.703125
BTC-USD,2026-05-04 00:30:00+00:00,78537.4375
BTC-USD,2026-05-04 01:00:00+00:00,78592.0234375
BTC-USD,2026-05-04 01:30:00+00:00,79754.0
BTC-USD,2026-05-04 02:00:00+00:00,79697.6171875
BTC-USD,2026-05-04 02:30:00+00:00,80164.7421875
BTC-USD,2026-05-04 03:00:00+00:00,80098.9921875
BTC-USD,2026-05-04 03:30:00+00:00,80319.6015625
BTC-USD,2026-05-04 04:00:00+00:00,80332.4296875
BTC-USD,2026-05-04 04:30:00+00:00,80327.8671875
BTC-USD,2026-05-04 05:00:00+00:00,79998.65625
BTC-USD,2026-05-04 05:30:00+00:00,80013.53125
BTC-USD,2026-05-04 06:00:00+00:00,79694.171875
BTC-USD,2026-05-04 06:30:00+00:00,79859.6328125
BTC-USD,2026-05-04 07:00:00+00:00,79839.953125
BTC-USD,2026-05-04 07:30:00+00:00,79684.078125
BTC-USD,2026-05-04 08:00:00+00:00,79730.5390625
BTC-USD,2026-05-04 08:30:00+00:00,79695.359375
BTC-USD,2026-05-04 09:00:00+00:00,79710.0078125
BTC-USD,2026-05-04 09:30:00+00:00,79815.21875
BTC-USD,2026-05-04 10:00:00+00:00,78487.6875
BTC-USD,2026-05-04 10:30:00+00:00,78937.6875
BTC-USD,2026-05-04 11:00:00+00:00,78956.4609375
BTC-USD,2026-05-04 11:30:00+00:00,78782.953125
BTC-USD,2026-05-04 12:00:00+00:00,78952.9921875
BTC-USD,2026-05-04 12:30:00+00:00,78868.5078125
BTC-USD,2026-05-04 13:00:00+00:00,78952.6015625
BTC-USD,2026-05-04 13:30:00+00:00,78774.7421875
BTC-USD,2026-05-04 14:00:00+00:00,79258.8984375
BTC-USD,2026-05-04 14:30:00+00:00,80225.0
BTC-USD,2026-05-04 15:00:00+00:00,79705.71875
BTC-USD,2026-05-04 15:30:00+00:00,80031.0078125
BTC-USD,2026-05-04 16:00:00+00:00,80244.5
BTC-USD,2026-05-04 16:30:00+00:00,80031.0
BTC-USD,2026-05-04 17:00:00+00:00,80451.0078125
BTC-USD,2026-05-04 17:30:00+00:00,80382.7421875
BTC-USD,2026-05-04 18:00:00+00:00,80254.53125
BTC-USD,2026-05-04 18:30:00+00:00,80108.8984375
BTC-USD,2026-05-04 19:00:00+00:00,79922.5
BTC-USD,2026-05-04 19:30:00+00:00,80048.03125
BTC-USD,2026-05-04 20:00:00+00:00,80036.390625
BTC-USD,2026-05-04 20:30:00+00:00,79935.828125
BTC-USD,2026-05-04 21:00:00+00:00,80199.0
BTC-USD,2026-05-04 21:30:00+00:00,80260.078125
BTC-USD,2026-05-04 22:00:00+00:00,80251.5078125
BTC-USD,2026-05-04 22:30:00+00:00,80059.6875
BTC-USD,2026-05-04 23:00:00+00:00,79948.0
BTC-USD,2026-05-04 23:30:00+00:00,79841.1015625
BTC-USD,2026-05-05 00:00:00+00:00,79852.5078125
BTC-USD,2026-05-05 00:30:00+00:00,80163.9921875
BTC-USD,2026-05-05 01:00:00+00:00,80258.0078125
BTC-USD,2026-05-05 01:30:00+00:00,80345.9921875
BTC-USD,2026-05-05 02:00:00+00:00,80461.5
BTC-USD,2026-05-05 02:30:00+00:00,80549.2265625
BTC-USD,2026-05-05 03:00:00+00:00,80783.6328125
BTC-USD,2026-05-05 03:30:00+00:00,80882.140625
BTC-USD,2026-05-05 04:00:00+00:00,80797.4765625
BTC-USD,2026-05-05 04:30:00+00:00,80900.328125
BTC-USD,2026-05-05 05:00:00+00:00,81060.0
BTC-USD,2026-05-05 05:30:00+00:00,80966.1015625
BTC-USD,2026-05-05 06:00:00+00:00,80815.5390625
BTC-USD,2026-05-05 06:30:00+00:00,80972.25
BTC-USD,2026-05-05 07:00:00+00:00,81039.0
BTC-USD,2026-05-05 07:30:00+00:00,80874.0
BTC-USD,2026-05-05 08:00:00+00:00,80843.421875
BTC-USD,2026-05-05 08:30:00+00:00,80817.96875
BTC-USD,2026-05-05 09:00:00+00:00,80655.7890625
BTC-USD,2026-05-05 09:30:00+00:00,80585.828125
BTC-USD,2026-05-05 10:00:00+00:00,80742.8203125
BTC-USD,2026-05-05 10:30:00+00:00,80833.703125
BTC-USD,2026-05-05 11:00:00+00:00,80960.296875
BTC-USD,2026-05-05 11:30:00+00:00,80937.359375
BTC-USD,2026-05-06 00:00:00+00:00,80902.109375
BTC-USD,2026-05-06 00:30:00+00:00,81014.921875
BTC-USD,2026-05-06 01:00:00+00:00,81227.5703125
BTC-USD,2026-05-06 01:30:00+00:00,81430.0390625
BTC-USD,2026-05-06 02:00:00+00:00,81130.1796875
BTC-USD,2026-05-06 02:30:00+00:00,81355.5
BTC-USD,2026-05-06 03:00:00+00:00,81613.03125
BTC-USD,2026-05-06 03:30:00+00:00,81576.25
BTC-USD,2026-05-06 04:00:00+00:00,81428.2109375
BTC-USD,2026-05-06 04:30:00+00:00,81331.046875
BTC-USD,2026-05-06 05:00:00+00:00,81250.0
BTC-USD,2026-05-06 05:30:00+00:00,81319.140625
BTC-USD,2026-05-06 06:00:00+00:00,81361.5625
BTC-USD,2026-05-06 06:30:00+00:00,81472.953125
BTC-USD,2026-05-06 07:00:00+00:00,81551.9765625
BTC-USD,2026-05-06 07:30:00+00:00,81370.0
BTC-USD,2026-05-06 08:00:00+00:00,81568.03125
BTC-USD,2026-05-06 08:30:00+00:00,81952.0
BTC-USD,2026-05-06 09:00:00+00:00,81771.1015625
BTC-USD,2026-05-06 09:30:00+00:00,81998.640625
BTC-USD,2026-05-06 10:00:00+00:00,82190.9765625
BTC-USD,2026-05-06 10:30:00+00:00,82286.9765625
BTC-USD,2026-05-06 11:00:00+00:00,82675.140625
BTC-USD,2026-05-06 11:30:00+00:00,82522.046875
BTC-USD,2026-05-06 12:00:00+00:00,82390.3515625
BTC-USD,2026-05-06 12:30:00+00:00,82223.6015625
BTC-USD,2026-05-06 13:00:00+00:00,81938.296875
BTC-USD,2026-05-06 13:30:00+00:00,81667.0703125
BTC-USD,2026-05-06 14:00:00+00:00,81604.3671875
BTC-USD,2026-05-06 14:30:00+00:00,81515.4296875
BTC-USD,2026-05-06 15:00:00+00:00,81649.5703125
BTC-USD,2026-05-06 15:30:00+00:00,81699.0703125
BTC-USD,2026-05-06 16:00:00+00:00,81505.0
BTC-USD,2026-05-06 16:30:00+00:00,81622.53125
BTC-USD,2026-05-06 17:00:00+00:00,81469.15625
BTC-USD,2026-05-06 17:30:00+00:00,81447.8984375
BTC-USD,2026-05-06 18:00:00+00:00,81465.5234375
BTC-USD,2026-05-06 18:30:00+00:00,81347.828125
BTC-USD,2026-05-06 19:00:00+00:00,81327.21875
BTC-USD,2026-05-06 19:30:00+00:00,81460.6796875
BTC-USD,2026-05-06 20:00:00+00:00,81555.1015625
BTC-USD,2026-05-06 20:30:00+00:00,81434.9765625
BTC-USD,2026-05-06 21:00:00+00:00,81443.9921875
BTC-USD,2026-05-06 21:30:00+00:00,81539.1875
BTC-USD,2026-05-06 22:00:00+00:00,81237.9609375
BTC-USD,2026-05-06 22:30:00+00:00,81339.671875
BTC-USD,2026-05-06 23:00:00+00:00,81383.8671875
BTC-USD,2026-05-06 23:30:00+00:00,81438.1015625
BTC-USD,2026-05-07 00:00:00+00:00,81226.0625
BTC-USD,2026-05-07 00:30:00+00:00,81019.796875
BTC-USD,2026-05-07 01:00:00+00:00,81207.0703125
BTC-USD,2026-05-07 01:30:00+00:00,81175.59375
BTC-USD,2026-05-07 02:00:00+00:00,80905.9921875
BTC-USD,2026-05-07 02:30:00+00:00,81118.6015625
BTC-USD,2026-05-07 03:00:00+00:00,80975.90625
BTC-USD,2026-05-07 03:30:00+00:00,80842.0
BTC-USD,2026-05-07 04:00:00+00:00,80929.5078125
BTC-USD,2026-05-07 04:30:00+00:00,80974.0078125
BTC-USD,2026-05-07 05:00:00+00:00,81098.21875
BTC-USD,2026-05-07 05:30:00+00:00,81085.9921875
BTC-USD,2026-05-07 06:00:00+00:00,81031.5
BTC-USD,2026-05-07 06:30:00+00:00,81443.1328125
BTC-USD,2026-05-07 07:00:00+00:00,81562.1015625
BTC-USD,2026-05-07 07:30:00+00:00,81517.796875
BTC-USD,2026-05-07 08:00:00+00:00,81420.203125
BTC-USD,2026-05-07 08:30:00+00:00,81211.4921875
BTC-USD,2026-05-07 09:00:00+00:00,81028.5234375
BTC-USD,2026-05-07 09:30:00+00:00,80914.5
BTC-USD,2026-05-07 10:00:00+00:00,80607.140625
BTC-USD,2026-05-07 10:30:00+00:00,80837.1171875
BTC-USD,2026-05-07 11:00:00+00:00,80875.890625
BTC-USD,2026-05-07 11:30:00+00:00,80857.328125
BTC-USD,2026-05-07 12:00:00+00:00,81055.5078125
BTC-USD,2026-05-07 12:30:00+00:00,81160.8515625
BTC-USD,2026-05-07 13:00:00+00:00,80949.9765625
BTC-USD,2026-05-07 13:30:00+00:00,80491.34375
BTC-USD,2026-05-07 14:00:00+00:00,80400.0
BTC-USD,2026-05-07 14:30:00+00:00,80154.8203125
BTC-USD,2026-05-07 15:00:00+00:00,79834.5
BTC-USD,2026-05-07 15:30:00+00:00,79868.4296875
BTC-USD,2026-05-07 16:00:00+00:00,79972.75
BTC-USD,2026-05-07 16:30:00+00:00,79778.453125
BTC-USD,2026-05-07 17:00:00+00:00,79667.109375
BTC-USD,2026-05-07 17:30:00+00:00,80090.90625
BTC-USD,2026-05-07 18:00:00+00:00,80122.0
BTC-USD,2026-05-07 18:30:00+00:00,80203.7578125
BTC-USD,2026-05-07 19:00:00+00:00,79954.8125
BTC-USD,2026-05-07 19:30:00+00:00,80124.5
BTC-USD,2026-05-07 20:00:00+00:00,80172.9296875
BTC-USD,2026-05-07 20:30:00+00:00,79876.140625
BTC-USD,2026-05-07 21:00:00+00:00,79915.6875
BTC-USD,2026-05-07 21:30:00+00:00,79730.4609375
BTC-USD,2026-05-07 22:00:00+00:00,79887.9375
BTC-USD,2026-05-07 22:30:00+00:00,79907.390625
BTC-USD,2026-05-07 23:00:00+00:00,79941.6796875
BTC-USD,2026-05-07 23:30:00+00:00,80005.3671875
BTC-USD,2026-05-08 00:00:00+00:00,80017.328125
BTC-USD,2026-05-08 00:30:00+00:00,79819.5234375
BTC-USD,2026-05-08 01:00:00+00:00,79642.8984375
BTC-USD,2026-05-08 03:00:00+00:00,79528.921875
BTC-USD,2026-05-08 03:30:00+00:00,79550.5
BTC-USD,2026-05-08 04:00:00+00:00,79685.7890625
BTC-USD,2026-05-08 04:30:00+00:00,79644.078125
BTC-USD,2026-05-08 05:00:00+00:00,79607.4375
BTC-USD,2026-05-08 05:30:00+00:00,79624.6171875
BTC-USD,2026-05-08 06:00:00+00:00,79537.421875
BTC-USD,2026-05-08 06:30:00+00:00,79472.875
BTC-USD,2026-05-08 07:00:00+00:00,79258.9609375
BTC-USD,2026-05-08 07:30:00+00:00,79637.5390625
BTC-USD,2026-05-08 08:00:00+00:00,79718.203125
BTC-USD,2026-05-08 08:30:00+00:00,79928.7109375
BTC-USD,2026-05-08 09:00:00+00:00,79988.171875
BTC-USD,2026-05-08 09:30:00+00:00,79850.6015625
BTC-USD,2026-05-08 10:00:00+00:00,79881.15625
BTC-USD,2026-05-08 10:30:00+00:00,80213.4140625
BTC-USD,2026-05-08 11:00:00+00:00,80272.5703125
BTC-USD,2026-05-08 11:30:00+00:00,80224.609375
BTC-USD,2026-05-08 12:00:00+00:00,80312.21875
BTC-USD,2026-05-08 12:30:00+00:00,80020.046875
BTC-USD,2026-05-08 13:00:00+00:00,79592.9609375
BTC-USD,2026-05-08 13:30:00+00:00,79599.109375
BTC-USD,2026-05-08 14:00:00+00:00,80052.4609375
BTC-USD,2026-05-08 14:30:00+00:00,80134.4296875
BTC-USD,2026-05-08 15:00:00+00:00,79688.4921875
BTC-USD,2026-05-08 15:30:00+00:00,80125.6328125
BTC-USD,2026-05-08 16:00:00+00:00,79925.109375
BTC-USD,2026-05-08 16:30:00+00:00,79777.0390625
BTC-USD,2026-05-08 17:00:00+00:00,79984.3828125
BTC-USD,2026-05-08 17:30:00+00:00,80046.859375
BTC-USD,2026-05-08 18:00:00+00:00,80221.109375
BTC-USD,2026-05-08 18:30:00+00:00,80075.7109375
BTC-USD,2026-05-08 19:00:00+00:00,80010.3125
BTC-USD,2026-05-08 19:30:00+00:00,80101.3125
BTC-USD,2026-05-08 20:00:00+00:00,80248.65625
BTC-USD,2026-05-08 20:30:00+00:00,80131.1484375
BTC-USD,2026-05-08 21:00:00+00:00,80205.609375
BTC-USD,2026-05-08 21:30:00+00:00,80253.671875
BTC-USD,2026-05-08 22:00:00+00:00,80346.2109375
BTC-USD,2026-05-08 22:30:00+00:00,80273.96875
BTC-USD,2026-05-08 23:00:00+00:00,80173.4375
BTC-USD,2026-05-08 23:30:00+00:00,80188.8203125
BTC-USD,2026-05-09 00:00:00+00:00,80142.0234375
BTC-USD,2026-05-09 00:30:00+00:00,80230.2265625
BTC-USD,2026-05-09 01:00:00+00:00,80269.4609375
BTC-USD,2026-05-09 01:30:00+00:00,80318.2578125
BTC-USD,2026-05-09 02:00:00+00:00,80421.6875
BTC-USD,2026-05-09 02:30:00+00:00,80407.296875
BTC-USD,2026-05-09 03:00:00+00:00,80433.15625
BTC-USD,2026-05-09 03:30:00+00:00,80380.296875
BTC-USD,2026-05-09 04:00:00+00:00,80468.859375
BTC-USD,2026-05-09 04:30:00+00:00,80385.0625
BTC-USD,2026-05-09 05:00:00+00:00,80436.21875
BTC-USD,2026-05-09 05:30:00+00:00,80374.0
BTC-USD,2026-05-09 06:00:00+00:00,80309.6015625
BTC-USD,2026-05-09 06:30:00+00:00,80248.1328125
BTC-USD,2026-05-09 07:00:00+00:00,80235.0078125
BTC-USD,2026-05-09 07:30:00+00:00,80214.859375
BTC-USD,2026-05-09 08:00:00+00:00,80395.671875
BTC-USD,2026-05-09 08:30:00+00:00,80399.9921875
BTC-USD,2026-05-09 09:00:00+00:00,80249.0
BTC-USD,2026-05-09 09:30:00+00:00,80236.7421875
BTC-USD,2026-05-09 10:00:00+00:00,80200.0078125
BTC-USD,2026-05-09 10:30:00+00:00,80259.3125
BTC-USD,2026-05-09 11:00:00+00:00,80338.21875
BTC-USD,2026-05-09 11:30:00+00:00,80330.5
BTC-USD,2026-05-09 12:00:00+00:00,80407.0
BTC-USD,2026-05-09 12:30:00+00:00,80400.0078125
BTC-USD,2026-05-09 13:00:00+00:00,80337.40625
BTC-USD,2026-05-09 13:30:00+00:00,80391.53125
BTC-USD,2026-05-09 14:00:00+00:00,80312.609375
BTC-USD,2026-05-09 14:30:00+00:00,80325.09375
BTC-USD,2026-05-09 15:00:00+00:00,80406.7578125
BTC-USD,2026-05-09 15:30:00+00:00,80523.9609375
BTC-USD,2026-05-09 16:00:00+00:00,80650.0078125
BTC-USD,2026-05-09 16:30:00+00:00,80609.296875
BTC-USD,2026-05-09 17:00:00+00:00,80815.796875
BTC-USD,2026-05-09 17:30:00+00:00,80795.4375
BTC-USD,2026-05-09 18:00:00+00:00,81021.5390625
BTC-USD,2026-05-09 18:30:00+00:00,80898.40625
BTC-USD,2026-05-09 19:00:00+00:00,80819.9921875
BTC-USD,2026-05-09 19:30:00+00:00,80942.609375
BTC-USD,2026-05-09 20:00:00+00:00,80782.4765625
BTC-USD,2026-05-09 20:30:00+00:00,80786.4765625
BTC-USD,2026-05-09 21:00:00+00:00,80808.6484375
BTC-USD,2026-05-09 21:30:00+00:00,80767.328125
BTC-USD,2026-05-09 22:00:00+00:00,80758.3828125
BTC-USD,2026-05-09 22:30:00+00:00,80756.9921875
BTC-USD,2026-05-09 23:00:00+00:00,80651.671875
BTC-USD,2026-05-09 23:30:00+00:00,80658.9765625
BTC-USD,2026-05-10 00:00:00+00:00,80692.078125
BTC-USD,2026-05-10 00:30:00+00:00,80664.0
BTC-USD,2026-05-10 01:00:00+00:00,80579.46875
BTC-USD,2026-05-10 01:30:00+00:00,80643.2890625
BTC-USD,2026-05-10 02:00:00+00:00,80718.0
BTC-USD,2026-05-10 02:30:00+00:00,80767.3203125
BTC-USD,2026-05-10 03:00:00+00:00,80729.1796875
BTC-USD,2026-05-10 03:30:00+00:00,80780.8125
BTC-USD,2026-05-10 04:00:00+00:00,80785.390625
BTC-USD,2026-05-10 04:30:00+00:00,80747.1171875
BTC-USD,2026-05-10 05:00:00+00:00,80758.3203125
BTC-USD,2026-05-10 05:30:00+00:00,80679.9921875
BTC-USD,2026-05-10 06:00:00+00:00,80638.796875
BTC-USD,2026-05-10 06:30:00+00:00,80724.0625
BTC-USD,2026-05-10 07:00:00+00:00,80774.0234375
BTC-USD,2026-05-10 07:30:00+00:00,80725.84375
BTC-USD,2026-05-10 08:00:00+00:00,80854.5390625
BTC-USD,2026-05-10 08:30:00+00:00,80819.0
BTC-USD,2026-05-10 09:00:00+00:00,80805.6484375
BTC-USD,2026-05-10 09:30:00+00:00,80794.0234375
BTC-USD,2026-05-10 10:00:00+00:00,80797.25
BTC-USD,2026-05-10 10:30:00+00:00,80852.40625
BTC-USD,2026-05-10 11:00:00+00:00,80779.828125
BTC-USD,2026-05-10 11:30:00+00:00,80794.0
BTC-USD,2026-05-10 12:00:00+00:00,80918.6875
BTC-USD,2026-05-10 12:30:00+00:00,80928.0
BTC-USD,2026-05-10 13:00:00+00:00,80963.8671875
BTC-USD,2026-05-10 13:30:00+00:00,80962.34375
BTC-USD,2026-05-10 14:00:00+00:00,80902.7890625
BTC-USD,2026-05-10 14:30:00+00:00,80960.8984375
BTC-USD,2026-05-10 15:00:00+00:00,80944.0
BTC-USD,2026-05-10 15:30:00+00:00,81404.6484375
BTC-USD,2026-05-10 16:00:00+00:00,81248.9375
BTC-USD,2026-05-10 16:30:00+00:00,81357.2734375
BTC-USD,2026-05-10 17:00:00+00:00,81370.453125
BTC-USD,2026-05-10 17:30:00+00:00,81471.421875
BTC-USD,2026-05-10 18:00:00+00:00,81351.25
BTC-USD,2026-05-10 18:30:00+00:00,81268.546875
BTC-USD,2026-05-10 19:00:00+00:00,81473.5703125
BTC-USD,2026-05-10 19:30:00+00:00,81425.140625
BTC-USD,2026-05-10 20:00:00+00:00,81135.953125
BTC-USD,2026-05-10 20:30:00+00:00,80723.9921875
BTC-USD,2026-05-10 21:00:00+00:00,80829.6015625
BTC-USD,2026-05-10 21:30:00+00:00,80704.328125
BTC-USD,2026-05-10 22:00:00+00:00,81486.1328125
BTC-USD,2026-05-10 22:30:00+00:00,82035.109375
BTC-USD,2026-05-10 23:00:00+00:00,82230.1875
BTC-USD,2026-05-10 23:30:00+00:00,82186.8203125
BTC-USD,2026-05-11 00:00:00+00:00,81664.296875
BTC-USD,2026-05-11 00:30:00+00:00,81461.5625
BTC-USD,2026-05-11 01:00:00+00:00,81616.1484375
BTC-USD,2026-05-11 01:30:00+00:00,81486.546875
BTC-USD,2026-05-11 02:00:00+00:00,81218.84375
BTC-USD,2026-05-11 02:30:00+00:00,81155.609375
BTC-USD,2026-05-11 03:00:00+00:00,80586.7421875
BTC-USD,2026-05-11 03:30:00+00:00,80717.453125
BTC-USD,2026-05-11 04:00:00+00:00,80734.1875
BTC-USD,2026-05-11 04:30:00+00:00,80806.4609375
BTC-USD,2026-05-11 05:00:00+00:00,80946.0078125
BTC-USD,2026-05-11 05:30:00+00:00,80809.9921875
BTC-USD,2026-05-11 06:00:00+00:00,80968.78125
BTC-USD,2026-05-11 06:30:00+00:00,80814.09375
BTC-USD,2026-05-11 07:00:00+00:00,80717.7578125
BTC-USD,2026-05-11 07:30:00+00:00,80722.1875
BTC-USD,2026-05-11 08:00:00+00:00,80627.9609375
BTC-USD,2026-05-11 08:30:00+00:00,80753.96875
BTC-USD,2026-05-11 09:00:00+00:00,80896.4375
BTC-USD,2026-05-11 09:30:00+00:00,80944.6484375
BTC-USD,2026-05-11 10:00:00+00:00,81158.5390625
BTC-USD,2026-05-11 10:30:00+00:00,80927.28125
BTC-USD,2026-05-11 11:00:00+00:00,81091.359375
BTC-USD,2026-05-11 11:30:00+00:00,81181.4765625
BTC-USD,2026-05-11 12:00:00+00:00,81280.921875
BTC-USD,2026-05-11 12:30:00+00:00,81032.828125
BTC-USD,2026-05-11 13:00:00+00:00,81115.671875
BTC-USD,2026-05-11 13:30:00+00:00,81039.46875
BTC-USD,2026-05-11 14:00:00+00:00,80724.640625
BTC-USD,2026-05-11 14:30:00+00:00,80910.8984375
BTC-USD,2026-05-11 15:00:00+00:00,81317.3671875
BTC-USD,2026-05-11 15:30:00+00:00,81422.6875
BTC-USD,2026-05-11 16:00:00+00:00,81760.34375
BTC-USD,2026-05-11 16:30:00+00:00,81551.9921875
BTC-USD,2026-05-11 17:00:00+00:00,81614.9609375
BTC-USD,2026-05-11 17:30:00+00:00,81927.9921875
BTC-USD,2026-05-11 18:00:00+00:00,82030.1328125
BTC-USD,2026-05-11 18:30:00+00:00,81846.140625
BTC-USD,2026-05-11 19:00:00+00:00,81882.390625
BTC-USD,2026-05-11 19:30:00+00:00,81956.0
BTC-USD,2026-05-11 20:00:00+00:00,81900.890625
BTC-USD,2026-05-11 20:30:00+00:00,81812.203125
BTC-USD,2026-05-11 21:00:00+00:00,81622.1484375
BTC-USD,2026-05-11 21:30:00+00:00,81812.453125
BTC-USD,2026-05-11 22:00:00+00:00,81718.0703125
BTC-USD,2026-05-11 22:30:00+00:00,81813.03125
BTC-USD,2026-05-11 23:00:00+00:00,81608.078125
BTC-USD,2026-05-11 23:30:00+00:00,81727.0625
BTC-USD,2026-05-12 00:00:00+00:00,81543.9765625
BTC-USD,2026-05-12 00:30:00+00:00,81528.2109375
BTC-USD,2026-05-12 01:00:00+00:00,81355.5
BTC-USD,2026-05-12 01:30:00+00:00,81183.4375
BTC-USD,2026-05-12 02:00:00+00:00,81248.0625
BTC-USD,2026-05-12 02:30:00+00:00,81235.0390625
BTC-USD,2026-05-12 03:00:00+00:00,81148.15625
BTC-USD,2026-05-12 03:30:00+00:00,81036.0078125
BTC-USD,2026-05-12 04:00:00+00:00,81183.546875
BTC-USD,2026-05-12 04:30:00+00:00,81203.9765625
BTC-USD,2026-05-12 05:00:00+00:00,81263.0390625
BTC-USD,2026-05-12 05:30:00+00:00,81200.0
BTC-USD,2026-05-12 06:00:00+00:00,81187.3671875
BTC-USD,2026-05-12 06:30:00+00:00,80997.0390625
BTC-USD,2026-05-12 07:00:00+00:00,80995.03125
BTC-USD,2026-05-12 07:30:00+00:00,80835.2734375
BTC-USD,2026-05-12 08:00:00+00:00,80844.7109375
BTC-USD,2026-05-12 08:30:00+00:00,80806.0
BTC-USD,2026-05-12 09:00:00+00:00,80710.390625
BTC-USD,2026-05-12 09:30:00+00:00,80799.9609375
BTC-USD,2026-05-12 10:00:00+00:00,80694.3203125
BTC-USD,2026-05-12 10:30:00+00:00,80643.390625
BTC-USD,2026-05-12 11:00:00+00:00,80615.578125
BTC-USD,2026-05-12 11:30:00+00:00,80764.296875
BTC-USD,2026-05-12 12:00:00+00:00,80783.796875
BTC-USD,2026-05-12 12:30:00+00:00,80862.5390625
BTC-USD,2026-05-12 13:00:00+00:00,80631.0078125
BTC-USD,2026-05-12 13:30:00+00:00,80430.5234375
BTC-USD,2026-05-12 14:00:00+00:00,80632.078125
BTC-USD,2026-05-12 14:30:00+00:00,80518.5703125
BTC-USD,2026-05-12 15:00:00+00:00,80181.96875
BTC-USD,2026-05-12 15:30:00+00:00,80287.6015625
BTC-USD,2026-05-12 16:00:00+00:00,80258.9609375
BTC-USD,2026-05-12 16:30:00+00:00,79967.671875
BTC-USD,2026-05-12 17:00:00+00:00,80411.4765625
BTC-USD,2026-05-12 17:30:00+00:00,80493.8125
BTC-USD,2026-05-12 18:00:00+00:00,80470.34375
BTC-USD,2026-05-12 18:30:00+00:00,80650.109375
BTC-USD,2026-05-12 19:00:00+00:00,80690.7421875
BTC-USD,2026-05-12 19:30:00+00:00,80814.0390625
BTC-USD,2026-05-12 20:00:00+00:00,80798.03125
BTC-USD,2026-05-12 20:30:00+00:00,80673.03125
BTC-USD,2026-05-12 21:00:00+00:00,80633.0
BTC-USD,2026-05-12 21:30:00+00:00,80569.2421875
BTC-USD,2026-05-12 22:00:00+00:00,80637.390625
BTC-USD,2026-05-12 22:30:00+00:00,80639.9921875
BTC-USD,2026-05-12 23:00:00+00:00,80639.0
BTC-USD,2026-05-12 23:30:00+00:00,80484.078125
BTC-USD,2026-05-13 00:00:00+00:00,80631.578125
BTC-USD,2026-05-13 00:30:00+00:00,80698.0
BTC-USD,2026-05-13 01:00:00+00:00,81049.8671875
BTC-USD,2026-05-13 01:30:00+00:00,80985.8828125
BTC-USD,2026-05-13 02:00:00+00:00,81106.84375
BTC-USD,2026-05-13 02:30:00+00:00,81040.6015625
BTC-USD,2026-05-13 03:00:00+00:00,81070.0078125
BTC-USD,2026-05-13 03:30:00+00:00,81240.4375
BTC-USD,2026-05-13 04:00:00+00:00,81183.890625
BTC-USD,2026-05-13 04:30:00+00:00,81217.390625
BTC-USD,2026-05-13 05:00:00+00:00,81106.0078125
BTC-USD,2026-05-13 05:30:00+00:00,80998.671875
BTC-USD,2026-05-13 06:00:00+00:00,81080.28125
BTC-USD,2026-05-13 06:30:00+00:00,80958.0625
BTC-USD,2026-05-13 07:00:00+00:00,80888.8125
BTC-USD,2026-05-13 07:30:00+00:00,80996.0078125
BTC-USD,2026-05-13 08:00:00+00:00,81004.15625
BTC-USD,2026-05-13 08:30:00+00:00,81165.09375
BTC-USD,2026-05-13 09:00:00+00:00,81130.2734375
BTC-USD,2026-05-13 09:30:00+00:00,81256.6015625
BTC-USD,2026-05-13 10:00:00+00:00,80939.3203125
BTC-USD,2026-05-13 10:30:00+00:00,80774.8671875
BTC-USD,2026-05-13 11:00:00+00:00,80539.6328125
BTC-USD,2026-05-13 11:30:00+00:00,80471.15625
BTC-USD,2026-05-13 12:00:00+00:00,80324.0
BTC-USD,2026-05-13 12:30:00+00:00,80172.5078125
BTC-USD,2026-05-13 13:00:00+00:00,80121.203125
BTC-USD,2026-05-13 13:30:00+00:00,79613.25
BTC-USD,2026-05-13 14:00:00+00:00,79814.0
BTC-USD,2026-05-13 14:30:00+00:00,79724.671875
BTC-USD,2026-05-13 15:00:00+00:00,79236.8203125
BTC-USD,2026-05-13 15:30:00+00:00,78775.0
BTC-USD,2026-05-13 16:00:00+00:00,79003.1328125
BTC-USD,2026-05-13 16:30:00+00:00,79068.3515625
BTC-USD,2026-05-13 17:00:00+00:00,79306.859375
BTC-USD,2026-05-13 17:30:00+00:00,79486.0
BTC-USD,2026-05-13 18:00:00+00:00,79734.46875
BTC-USD,2026-05-13 18:30:00+00:00,79574.0
BTC-USD,2026-05-13 19:00:00+00:00,79466.1796875
BTC-USD,2026-05-13 19:30:00+00:00,79604.7890625
BTC-USD,2026-05-13 20:00:00+00:00,79576.3125
BTC-USD,2026-05-13 20:30:00+00:00,79676.6484375
BTC-USD,2026-05-13 21:00:00+00:00,79392.2578125
BTC-USD,2026-05-13 21:30:00+00:00,79363.109375
BTC-USD,2026-05-13 22:00:00+00:00,79293.0390625
BTC-USD,2026-05-13 22:30:00+00:00,79397.84375
BTC-USD,2026-05-13 23:00:00+00:00,79317.2734375
BTC-USD,2026-05-13 23:30:00+00:00,79288.7890625
BTC-USD,2026-05-14 00:00:00+00:00,79433.171875
BTC-USD,2026-05-14 00:30:00+00:00,79552.8984375
BTC-USD,2026-05-14 01:00:00+00:00,79520.78125
BTC-USD,2026-05-14 01:30:00+00:00,79572.2890625
BTC-USD,2026-05-14 02:00:00+00:00,79633.8671875
BTC-USD,2026-05-14 02:30:00+00:00,79340.0
BTC-USD,2026-05-14 03:00:00+00:00,79287.0703125
BTC-USD,2026-05-14 03:30:00+00:00,79012.2578125
BTC-USD,2026-05-14 04:00:00+00:00,79288.4921875
BTC-USD,2026-05-14 04:30:00+00:00,79428.703125
BTC-USD,2026-05-14 05:00:00+00:00,79561.0234375
BTC-USD,2026-05-14 05:30:00+00:00,79779.34375
BTC-USD,2026-05-14 06:00:00+00:00,79786.453125
BTC-USD,2026-05-14 06:30:00+00:00,79772.953125
BTC-USD,2026-05-14 07:00:00+00:00,79757.6171875
BTC-USD,2026-05-14 07:30:00+00:00,79706.453125
BTC-USD,2026-05-14 08:00:00+00:00,79744.6796875
BTC-USD,2026-05-14 08:30:00+00:00,79784.5703125
BTC-USD,2026-05-14 09:00:00+00:00,79705.3984375
BTC-USD,2026-05-14 09:30:00+00:00,79591.078125
BTC-USD,2026-05-14 10:00:00+00:00,79651.578125
BTC-USD,2026-05-14 10:30:00+00:00,79534.4765625
BTC-USD,2026-05-14 11:00:00+00:00,79322.3984375
BTC-USD,2026-05-14 11:30:00+00:00,79213.1484375
BTC-USD,2026-05-14 12:00:00+00:00,79386.6015625
BTC-USD,2026-05-14 12:30:00+00:00,79743.921875
BTC-USD,2026-05-14 13:00:00+00:00,79913.578125
BTC-USD,2026-05-14 13:30:00+00:00,79675.6875
BTC-USD,2026-05-14 14:00:00+00:00,80118.7421875
BTC-USD,2026-05-14 14:30:00+00:00,80954.09375
BTC-USD,2026-05-14 15:00:00+00:00,80988.0234375
BTC-USD,2026-05-14 15:30:00+00:00,81304.0390625
BTC-USD,2026-05-14 16:00:00+00:00,81550.0
BTC-USD,2026-05-14 16:30:00+00:00,81879.8125
BTC-USD,2026-05-14 17:00:00+00:00,81486.5
BTC-USD,2026-05-14 17:30:00+00:00,81683.8828125
BTC-USD,2026-05-14 18:00:00+00:00,81890.4375
BTC-USD,2026-05-14 18:30:00+00:00,81590.3515625
BTC-USD,2026-05-14 19:00:00+00:00,81348.5
BTC-USD,2026-05-14 19:30:00+00:00,81433.96875
BTC-USD,2026-05-14 20:00:00+00:00,81274.0
BTC-USD,2026-05-14 20:30:00+00:00,81400.0
BTC-USD,2026-05-14 21:00:00+00:00,81414.9375
BTC-USD,2026-05-14 21:30:00+00:00,81375.9765625
BTC-USD,2026-05-14 22:00:00+00:00,81434.7109375
BTC-USD,2026-05-14 22:30:00+00:00,81444.0234375
BTC-USD,2026-05-14 23:00:00+00:00,81345.0234375
BTC-USD,2026-05-14 23:30:00+00:00,81079.390625
BTC-USD,2026-05-15 00:00:00+00:00,81437.3671875
BTC-USD,2026-05-15 00:30:00+00:00,81505.2734375
BTC-USD,2026-05-15 01:00:00+00:00,81375.296875
BTC-USD,2026-05-15 01:30:00+00:00,81113.96875
BTC-USD,2026-05-15 02:00:00+00:00,80893.9765625
BTC-USD,2026-05-15 02:30:00+00:00,81278.859375
BTC-USD,2026-05-15 03:00:00+00:00,81242.5625
BTC-USD,2026-05-15 03:30:00+00:00,81053.6875
BTC-USD,2026-05-15 04:00:00+00:00,80902.0078125
BTC-USD,2026-05-15 04:30:00+00:00,80703.4765625
BTC-USD,2026-05-15 05:00:00+00:00,80786.296875
BTC-USD,2026-05-15 05:30:00+00:00,80346.3671875
BTC-USD,2026-05-15 06:00:00+00:00,80509.25
BTC-USD,2026-05-15 06:30:00+00:00,80571.21875
BTC-USD,2026-05-15 07:00:00+00:00,80900.09375
BTC-USD,2026-05-15 07:30:00+00:00,80815.9921875
BTC-USD,2026-05-15 08:00:00+00:00,80530.0
BTC-USD,2026-05-15 08:30:00+00:00,80640.859375
BTC-USD,2026-05-15 09:00:00+00:00,80575.53125
BTC-USD,2026-05-15 09:30:00+00:00,80484.2734375
BTC-USD,2026-05-15 10:00:00+00:00,80511.5390625
BTC-USD,2026-05-15 10:30:00+00:00,80707.6015625
BTC-USD,2026-05-15 11:00:00+00:00,80626.0
BTC-USD,2026-05-15 11:30:00+00:00,80616.046875
BTC-USD,2026-05-15 12:00:00+00:00,80532.5
BTC-USD,2026-05-15 12:30:00+00:00,80380.1328125
BTC-USD,2026-05-15 13:00:00+00:00,79991.0078125
BTC-USD,2026-05-15 13:30:00+00:00,78701.9296875
BTC-USD,2026-05-15 14:00:00+00:00,79030.15625
BTC-USD,2026-05-15 14:30:00+00:00,79111.9296875
BTC-USD,2026-05-15 15:00:00+00:00,79099.171875
BTC-USD,2026-05-15 15:30:00+00:00,79113.296875
BTC-USD,2026-05-15 16:00:00+00:00,79281.4375
BTC-USD,2026-05-15 16:30:00+00:00,79268.34375
BTC-USD,2026-05-15 17:00:00+00:00,79343.6171875
BTC-USD,2026-05-15 17:30:00+00:00,79425.2734375
BTC-USD,2026-05-15 18:00:00+00:00,79232.796875
BTC-USD,2026-05-15 18:30:00+00:00,79233.59375
BTC-USD,2026-05-15 19:00:00+00:00,79072.6875
BTC-USD,2026-05-15 19:30:00+00:00,79093.2421875
BTC-USD,2026-05-15 20:00:00+00:00,79132.046875
BTC-USD,2026-05-15 20:30:00+00:00,79083.7421875
BTC-USD,2026-05-15 21:00:00+00:00,79086.4375
BTC-USD,2026-05-15 21:30:00+00:00,78931.9921875
BTC-USD,2026-05-15 22:00:00+00:00,79038.859375
BTC-USD,2026-05-15 22:30:00+00:00,79060.140625
BTC-USD,2026-05-15 23:00:00+00:00,79074.828125
BTC-USD,2026-05-15 23:30:00+00:00,79058.5078125
BTC-USD,2026-05-16 00:00:00+00:00,79126.8125
BTC-USD,2026-05-16 00:30:00+00:00,79063.25
BTC-USD,2026-05-16 01:00:00+00:00,78984.96875
BTC-USD,2026-05-16 01:30:00+00:00,79113.3828125
BTC-USD,2026-05-16 02:00:00+00:00,79101.2578125
BTC-USD,2026-05-16 02:30:00+00:00,79094.1015625
BTC-USD,2026-05-16 03:00:00+00:00,79130.53125
BTC-USD,2026-05-16 03:30:00+00:00,79042.4375
BTC-USD,2026-05-16 04:00:00+00:00,78997.2890625
BTC-USD,2026-05-16 04:30:00+00:00,78996.9375
BTC-USD,2026-05-16 05:00:00+00:00,78995.1796875
BTC-USD,2026-05-16 05:30:00+00:00,78998.0
BTC-USD,2026-05-16 06:00:00+00:00,78782.8515625
BTC-USD,2026-05-16 06:30:00+00:00,78600.8203125
BTC-USD,2026-05-16 07:00:00+00:00,78426.53125
BTC-USD,2026-05-16 07:30:00+00:00,78335.0
BTC-USD,2026-05-16 08:00:00+00:00,78363.9921875
BTC-USD,2026-05-16 08:30:00+00:00,78382.0078125
BTC-USD,2026-05-16 09:00:00+00:00,78018.4296875
BTC-USD,2026-05-16 09:30:00+00:00,78042.796875
BTC-USD,2026-05-16 10:00:00+00:00,77738.453125
BTC-USD,2026-05-16 10:30:00+00:00,77931.4921875
BTC-USD,2026-05-16 11:00:00+00:00,78104.4296875
BTC-USD,2026-05-16 11:30:00+00:00,78047.6796875
BTC-USD,2026-05-16 12:00:00+00:00,77954.7734375
BTC-USD,2026-05-16 12:30:00+00:00,77973.21875
BTC-USD,2026-05-16 13:00:00+00:00,77928.390625
BTC-USD,2026-05-16 13:30:00+00:00,77972.6171875
BTC-USD,2026-05-16 14:00:00+00:00,77940.0234375
BTC-USD,2026-05-16 14:30:00+00:00,78091.578125
BTC-USD,2026-05-16 15:00:00+00:00,78080.671875
BTC-USD,2026-05-16 15:30:00+00:00,78200.109375
BTC-USD,2026-05-16 16:00:00+00:00,78249.4609375
BTC-USD,2026-05-16 16:30:00+00:00,78177.84375
BTC-USD,2026-05-16 17:00:00+00:00,78262.5
BTC-USD,2026-05-16 17:30:00+00:00,78168.1171875
BTC-USD,2026-05-16 18:00:00+00:00,78177.671875
BTC-USD,2026-05-16 18:30:00+00:00,78196.9375
BTC-USD,2026-05-16 19:00:00+00:00,78246.8515625
BTC-USD,2026-05-16 19:30:00+00:00,78234.40625
BTC-USD,2026-05-16 20:00:00+00:00,78247.75
BTC-USD,2026-05-16 20:30:00+00:00,78205.1875
BTC-USD,2026-05-16 21:00:00+00:00,78232.7265625
BTC-USD,2026-05-16 21:30:00+00:00,78230.75
BTC-USD,2026-05-16 22:00:00+00:00,78229.0
BTC-USD,2026-05-16 22:30:00+00:00,78148.2265625
BTC-USD,2026-05-16 23:00:00+00:00,78191.859375
BTC-USD,2026-05-16 23:30:00+00:00,78105.453125
BTC-USD,2026-05-17 00:00:00+00:00,78156.9296875
BTC-USD,2026-05-17 00:30:00+00:00,77906.1328125
BTC-USD,2026-05-17 01:00:00+00:00,77958.2421875
BTC-USD,2026-05-17 01:30:00+00:00,77708.15625
BTC-USD,2026-05-17 02:00:00+00:00,77867.703125
BTC-USD,2026-05-17 02:30:00+00:00,77868.0078125
BTC-USD,2026-05-17 03:00:00+00:00,77973.4296875
BTC-USD,2026-05-17 03:30:00+00:00,77993.2421875
BTC-USD,2026-05-17 04:00:00+00:00,78062.6875
BTC-USD,2026-05-17 04:30:00+00:00,78124.0
BTC-USD,2026-05-17 05:00:00+00:00,78149.921875
BTC-USD,2026-05-17 05:30:00+00:00,78098.3125
BTC-USD,2026-05-17 06:00:00+00:00,78051.8984375
BTC-USD,2026-05-17 06:30:00+00:00,78077.5703125
BTC-USD,2026-05-17 07:00:00+00:00,78091.4609375
BTC-USD,2026-05-17 07:30:00+00:00,78152.1328125
BTC-USD,2026-05-17 08:00:00+00:00,78042.5390625
BTC-USD,2026-05-17 08:30:00+00:00,78058.1796875
BTC-USD,2026-05-17 09:00:00+00:00,78110.0234375
BTC-USD,2026-05-17 09:30:00+00:00,78216.9609375
BTC-USD,2026-05-17 10:00:00+00:00,78499.4921875
BTC-USD,2026-05-17 10:30:00+00:00,78431.359375
BTC-USD,2026-05-17 11:00:00+00:00,78312.75
BTC-USD,2026-05-17 11:30:00+00:00,78382.0
BTC-USD,2026-05-17 12:00:00+00:00,78395.2265625
BTC-USD,2026-05-17 12:30:00+00:00,78332.3828125
BTC-USD,2026-05-17 13:00:00+00:00,78259.453125
BTC-USD,2026-05-17 13:30:00+00:00,78175.09375
BTC-USD,2026-05-17 14:00:00+00:00,78008.6328125
BTC-USD,2026-05-17 14:30:00+00:00,78014.7421875
BTC-USD,2026-05-17 15:00:00+00:00,77959.2578125
BTC-USD,2026-05-17 15:30:00+00:00,78012.8984375
BTC-USD,2026-05-17 16:00:00+00:00,78109.1796875
BTC-USD,2026-05-17 16:30:00+00:00,78001.9921875
BTC-USD,2026-05-17 17:00:00+00:00,77948.3515625
BTC-USD,2026-05-17 17:30:00+00:00,78056.2109375
BTC-USD,2026-05-17 18:00:00+00:00,78098.3125
BTC-USD,2026-05-17 18:30:00+00:00,78230.6796875
BTC-USD,2026-05-17 19:00:00+00:00,78180.3515625
BTC-USD,2026-05-17 19:30:00+00:00,78393.9609375
BTC-USD,2026-05-17 20:00:00+00:00,78259.40625
BTC-USD,2026-05-17 20:30:00+00:00,78226.3984375
BTC-USD,2026-05-17 21:00:00+00:00,78390.3828125
BTC-USD,2026-05-17 21:30:00+00:00,78364.1171875
BTC-USD,2026-05-17 22:00:00+00:00,77945.6328125
BTC-USD,2026-05-17 22:30:00+00:00,77953.890625
BTC-USD,2026-05-17 23:00:00+00:00,77795.6015625
BTC-USD,2026-05-17 23:30:00+00:00,77407.59375
BTC-USD,2026-05-18 00:00:00+00:00,77102.5078125
BTC-USD,2026-05-18 00:30:00+00:00,77166.1328125
BTC-USD,2026-05-18 01:00:00+00:00,76848.03125
BTC-USD,2026-05-18 01:30:00+00:00,77068.03125
BTC-USD,2026-05-18 02:00:00+00:00,76991.9375
BTC-USD,2026-05-18 02:30:00+00:00,76787.40625
BTC-USD,2026-05-18 03:00:00+00:00,76918.6796875
BTC-USD,2026-05-18 03:30:00+00:00,76881.6484375
BTC-USD,2026-05-18 04:00:00+00:00,76766.7265625
BTC-USD,2026-05-18 04:30:00+00:00,76988.109375
BTC-USD,2026-05-18 05:00:00+00:00,76988.046875
BTC-USD,2026-05-18 05:30:00+00:00,76872.8125
BTC-USD,2026-05-18 06:00:00+00:00,76689.203125
BTC-USD,2026-05-18 06:30:00+00:00,76865.4765625
BTC-USD,2026-05-18 07:00:00+00:00,76986.703125
BTC-USD,2026-05-18 07:30:00+00:00,77021.46875
BTC-USD,2026-05-18 08:00:00+00:00,76916.6875
BTC-USD,2026-05-18 08:30:00+00:00,76972.09375
BTC-USD,2026-05-18 09:00:00+00:00,76913.2890625
BTC-USD,2026-05-18 09:30:00+00:00,76884.8515625
BTC-USD,2026-05-18 10:00:00+00:00,76768.1796875
BTC-USD,2026-05-18 10:30:00+00:00,76717.2578125
BTC-USD,2026-05-18 11:00:00+00:00,76770.1328125
BTC-USD,2026-05-18 11:30:00+00:00,77238.5078125
BTC-USD,2026-05-18 12:00:00+00:00,77297.8515625
BTC-USD,2026-05-18 12:30:00+00:00,77607.78125
BTC-USD,2026-05-18 13:00:00+00:00,77234.0078125
BTC-USD,2026-05-18 13:30:00+00:00,76883.4609375
BTC-USD,2026-05-18 14:00:00+00:00,76596.0078125
BTC-USD,2026-05-18 14:30:00+00:00,76343.890625
BTC-USD,2026-05-18 15:00:00+00:00,76030.5
BTC-USD,2026-05-18 15:30:00+00:00,76291.2578125
BTC-USD,2026-05-18 15:42:52+00:00,76291.2578125
BTC-USD,2026-05-18 15:43:41+00:00,76290.8203125
ETH-USD,2026-04-14 00:00:00+00:00,2367.409912109375
ETH-USD,2026-04-14 00:30:00+00:00,2362.030029296875
ETH-USD,2026-04-14 01:00:00+00:00,2364.52001953125
ETH-USD,2026-04-14 01:30:00+00:00,2369.699951171875
ETH-USD,2026-04-14 02:00:00+00:00,2371.75
ETH-USD,2026-04-14 02:30:00+00:00,2368.699951171875
ETH-USD,2026-04-14 03:00:00+00:00,2364.06005859375
ETH-USD,2026-04-14 03:30:00+00:00,2366.300048828125
ETH-USD,2026-04-14 04:00:00+00:00,2367.25
ETH-USD,2026-04-14 04:30:00+00:00,2365.010009765625
ETH-USD,2026-04-14 05:00:00+00:00,2367.89990234375
ETH-USD,2026-04-14 05:30:00+00:00,2356.6201171875
ETH-USD,2026-04-14 06:00:00+00:00,2367.2099609375
ETH-USD,2026-04-14 06:30:00+00:00,2374.0
ETH-USD,2026-04-14 07:00:00+00:00,2381.2900390625
ETH-USD,2026-04-14 07:30:00+00:00,2379.090087890625
ETH-USD,2026-04-14 08:00:00+00:00,2381.22998046875
ETH-USD,2026-04-14 08:30:00+00:00,2388.949951171875
ETH-USD,2026-04-14 09:00:00+00:00,2390.840087890625
ETH-USD,2026-04-14 09:30:00+00:00,2388.35009765625
ETH-USD,2026-04-14 10:00:00+00:00,2384.5
ETH-USD,2026-04-14 10:30:00+00:00,2375.7099609375
ETH-USD,2026-04-14 11:00:00+00:00,2370.31005859375
ETH-USD,2026-04-14 11:30:00+00:00,2374.800048828125
ETH-USD,2026-04-14 12:00:00+00:00,2374.219970703125
ETH-USD,2026-04-14 12:30:00+00:00,2374.639892578125
ETH-USD,2026-04-14 13:00:00+00:00,2375.419921875
ETH-USD,2026-04-14 13:30:00+00:00,2393.10009765625
ETH-USD,2026-04-14 14:00:00+00:00,2394.239990234375
ETH-USD,2026-04-14 14:30:00+00:00,2355.989990234375
ETH-USD,2026-04-14 15:00:00+00:00,2342.31005859375
ETH-USD,2026-04-14 15:30:00+00:00,2365.89990234375
ETH-USD,2026-04-14 16:00:00+00:00,2354.10009765625
ETH-USD,2026-04-14 16:30:00+00:00,2335.719970703125
ETH-USD,2026-04-14 17:00:00+00:00,2335.85009765625
ETH-USD,2026-04-14 17:30:00+00:00,2339.1298828125
ETH-USD,2026-04-14 18:00:00+00:00,2336.47998046875
ETH-USD,2026-04-14 18:30:00+00:00,2315.510009765625
ETH-USD,2026-04-14 19:00:00+00:00,2315.780029296875
ETH-USD,2026-04-14 19:30:00+00:00,2313.820068359375
ETH-USD,2026-04-14 20:00:00+00:00,2312.679931640625
ETH-USD,2026-04-14 20:30:00+00:00,2315.969970703125
ETH-USD,2026-04-14 21:00:00+00:00,2322.360107421875
ETH-USD,2026-04-14 21:30:00+00:00,2324.929931640625
ETH-USD,2026-04-14 22:00:00+00:00,2315.889892578125
ETH-USD,2026-04-14 22:30:00+00:00,2316.199951171875
ETH-USD,2026-04-14 23:00:00+00:00,2320.580078125
ETH-USD,2026-04-14 23:30:00+00:00,2323.6298828125
ETH-USD,2026-04-15 00:00:00+00:00,2337.6201171875
ETH-USD,2026-04-15 00:30:00+00:00,2334.60009765625
ETH-USD,2026-04-15 01:00:00+00:00,2337.300048828125
ETH-USD,2026-04-15 01:30:00+00:00,2336.739990234375
ETH-USD,2026-04-15 02:00:00+00:00,2326.510009765625
ETH-USD,2026-04-15 02:30:00+00:00,2325.659912109375
ETH-USD,2026-04-15 03:00:00+00:00,2327.72998046875
ETH-USD,2026-04-15 03:30:00+00:00,2329.919921875
ETH-USD,2026-04-15 04:00:00+00:00,2330.699951171875
ETH-USD,2026-04-15 04:30:00+00:00,2333.820068359375
ETH-USD,2026-04-15 05:00:00+00:00,2323.110107421875
ETH-USD,2026-04-15 05:30:00+00:00,2320.300048828125
ETH-USD,2026-04-15 06:00:00+00:00,2318.300048828125
ETH-USD,2026-04-15 06:30:00+00:00,2318.14990234375
ETH-USD,2026-04-15 07:00:00+00:00,2315.39990234375
ETH-USD,2026-04-15 07:30:00+00:00,2317.1201171875
ETH-USD,2026-04-15 08:00:00+00:00,2324.679931640625
ETH-USD,2026-04-15 08:30:00+00:00,2328.840087890625
ETH-USD,2026-04-15 09:00:00+00:00,2320.909912109375
ETH-USD,2026-04-15 09:30:00+00:00,2320.389892578125
ETH-USD,2026-04-15 10:00:00+00:00,2315.070068359375
ETH-USD,2026-04-15 10:30:00+00:00,2317.340087890625
ETH-USD,2026-04-15 11:00:00+00:00,2325.72998046875
ETH-USD,2026-04-15 11:30:00+00:00,2338.219970703125
ETH-USD,2026-04-15 12:00:00+00:00,2332.4599609375
ETH-USD,2026-04-15 12:30:00+00:00,2333.699951171875
ETH-USD,2026-04-15 13:00:00+00:00,2332.969970703125
ETH-USD,2026-04-15 13:30:00+00:00,2327.219970703125
ETH-USD,2026-04-15 14:00:00+00:00,2341.110107421875
ETH-USD,2026-04-15 14:30:00+00:00,2338.830078125
ETH-USD,2026-04-15 15:00:00+00:00,2337.050048828125
ETH-USD,2026-04-15 15:30:00+00:00,2332.949951171875
ETH-USD,2026-04-15 16:00:00+00:00,2345.1298828125
ETH-USD,2026-04-15 16:30:00+00:00,2341.77001953125
ETH-USD,2026-04-15 17:00:00+00:00,2352.8701171875
ETH-USD,2026-04-15 17:30:00+00:00,2349.639892578125
ETH-USD,2026-04-15 18:00:00+00:00,2349.60009765625
ETH-USD,2026-04-15 18:30:00+00:00,2359.5400390625
ETH-USD,2026-04-15 19:00:00+00:00,2366.469970703125
ETH-USD,2026-04-15 19:30:00+00:00,2375.389892578125
ETH-USD,2026-04-15 20:00:00+00:00,2361.68994140625
ETH-USD,2026-04-15 20:30:00+00:00,2363.669921875
ETH-USD,2026-04-15 21:00:00+00:00,2353.409912109375
ETH-USD,2026-04-15 21:30:00+00:00,2361.530029296875
ETH-USD,2026-04-15 22:00:00+00:00,2369.60009765625
ETH-USD,2026-04-15 22:30:00+00:00,2364.469970703125
ETH-USD,2026-04-15 23:00:00+00:00,2356.47998046875
ETH-USD,2026-04-15 23:30:00+00:00,2360.550048828125
ETH-USD,2026-04-16 00:00:00+00:00,2355.199951171875
ETH-USD,2026-04-16 00:30:00+00:00,2361.14990234375
ETH-USD,2026-04-16 01:00:00+00:00,2351.949951171875
ETH-USD,2026-04-16 01:30:00+00:00,2352.429931640625
ETH-USD,2026-04-16 02:00:00+00:00,2359.43994140625
ETH-USD,2026-04-16 02:30:00+00:00,2357.2900390625
ETH-USD,2026-04-16 03:00:00+00:00,2362.080078125
ETH-USD,2026-04-16 03:30:00+00:00,2358.360107421875
ETH-USD,2026-04-16 04:00:00+00:00,2359.090087890625
ETH-USD,2026-04-16 04:30:00+00:00,2354.800048828125
ETH-USD,2026-04-16 05:00:00+00:00,2358.550048828125
ETH-USD,2026-04-16 05:30:00+00:00,2357.5
ETH-USD,2026-04-16 06:00:00+00:00,2356.159912109375
ETH-USD,2026-04-16 06:30:00+00:00,2356.89990234375
ETH-USD,2026-04-16 07:00:00+00:00,2353.06005859375
ETH-USD,2026-04-16 07:30:00+00:00,2341.81005859375
ETH-USD,2026-04-16 08:00:00+00:00,2341.530029296875
ETH-USD,2026-04-16 08:30:00+00:00,2339.449951171875
ETH-USD,2026-04-16 09:00:00+00:00,2346.800048828125
ETH-USD,2026-04-16 09:30:00+00:00,2338.43994140625
ETH-USD,2026-04-16 10:00:00+00:00,2335.590087890625
ETH-USD,2026-04-16 10:30:00+00:00,2332.25
ETH-USD,2026-04-16 11:00:00+00:00,2332.780029296875
ETH-USD,2026-04-16 11:30:00+00:00,2336.18994140625
ETH-USD,2026-04-16 12:00:00+00:00,2340.860107421875
ETH-USD,2026-04-16 12:30:00+00:00,2340.89990234375
ETH-USD,2026-04-16 13:00:00+00:00,2349.669921875
ETH-USD,2026-04-16 13:30:00+00:00,2308.699951171875
ETH-USD,2026-04-16 14:00:00+00:00,2295.090087890625
ETH-USD,2026-04-16 14:30:00+00:00,2310.699951171875
ETH-USD,2026-04-16 15:00:00+00:00,2319.6201171875
ETH-USD,2026-04-16 15:30:00+00:00,2339.830078125
ETH-USD,2026-04-16 16:00:00+00:00,2332.610107421875
ETH-USD,2026-04-16 16:30:00+00:00,2316.7900390625
ETH-USD,2026-04-16 17:00:00+00:00,2324.85009765625
ETH-USD,2026-04-16 17:30:00+00:00,2325.570068359375
ETH-USD,2026-04-16 18:00:00+00:00,2326.159912109375
ETH-USD,2026-04-16 18:30:00+00:00,2344.18994140625
ETH-USD,2026-04-16 19:00:00+00:00,2346.52001953125
ETH-USD,2026-04-16 19:30:00+00:00,2360.679931640625
ETH-USD,2026-04-16 20:00:00+00:00,2351.800048828125
ETH-USD,2026-04-16 20:30:00+00:00,2350.699951171875
ETH-USD,2026-04-16 21:00:00+00:00,2341.0400390625
ETH-USD,2026-04-16 21:30:00+00:00,2341.72998046875
ETH-USD,2026-04-16 22:00:00+00:00,2344.0400390625
ETH-USD,2026-04-16 22:30:00+00:00,2342.97998046875
ETH-USD,2026-04-16 23:00:00+00:00,2348.52001953125
ETH-USD,2026-04-16 23:30:00+00:00,2348.610107421875
ETH-USD,2026-04-17 00:00:00+00:00,2346.530029296875
ETH-USD,2026-04-17 00:30:00+00:00,2344.989990234375
ETH-USD,2026-04-17 01:00:00+00:00,2334.31005859375
ETH-USD,2026-04-17 01:30:00+00:00,2335.929931640625
ETH-USD,2026-04-17 02:00:00+00:00,2328.47998046875
ETH-USD,2026-04-17 02:30:00+00:00,2332.68994140625
ETH-USD,2026-04-17 03:00:00+00:00,2329.080078125
ETH-USD,2026-04-17 03:30:00+00:00,2325.77001953125
ETH-USD,2026-04-17 04:00:00+00:00,2330.330078125
ETH-USD,2026-04-17 04:30:00+00:00,2329.60009765625
ETH-USD,2026-04-17 05:00:00+00:00,2322.659912109375
ETH-USD,2026-04-17 05:30:00+00:00,2319.669921875
ETH-USD,2026-04-17 06:00:00+00:00,2326.5400390625
ETH-USD,2026-04-17 06:30:00+00:00,2332.14990234375
ETH-USD,2026-04-17 07:00:00+00:00,2338.050048828125
ETH-USD,2026-04-17 07:30:00+00:00,2333.56005859375
ETH-USD,2026-04-17 08:00:00+00:00,2341.320068359375
ETH-USD,2026-04-17 08:30:00+00:00,2355.800048828125
ETH-USD,2026-04-17 09:00:00+00:00,2372.610107421875
ETH-USD,2026-04-17 09:30:00+00:00,2360.080078125
ETH-USD,2026-04-17 10:00:00+00:00,2342.889892578125
ETH-USD,2026-04-17 10:30:00+00:00,2344.81005859375
ETH-USD,2026-04-17 11:00:00+00:00,2352.419921875
ETH-USD,2026-04-17 11:30:00+00:00,2355.570068359375
ETH-USD,2026-04-17 12:00:00+00:00,2360.31005859375
ETH-USD,2026-04-17 12:30:00+00:00,2373.60009765625
ETH-USD,2026-04-17 13:00:00+00:00,2405.8701171875
ETH-USD,2026-04-17 13:30:00+00:00,2438.320068359375
ETH-USD,2026-04-17 14:00:00+00:00,2433.5
ETH-USD,2026-04-17 14:30:00+00:00,2448.800048828125
ETH-USD,2026-04-17 15:00:00+00:00,2445.85009765625
ETH-USD,2026-04-17 15:30:00+00:00,2443.260009765625
ETH-USD,2026-04-17 16:00:00+00:00,2455.31005859375
ETH-USD,2026-04-17 16:30:00+00:00,2452.590087890625
ETH-USD,2026-04-17 17:00:00+00:00,2429.510009765625
ETH-USD,2026-04-17 17:30:00+00:00,2441.7099609375
ETH-USD,2026-04-17 18:00:00+00:00,2421.1298828125
ETH-USD,2026-04-17 18:30:00+00:00,2421.110107421875
ETH-USD,2026-04-17 19:00:00+00:00,2425.510009765625
ETH-USD,2026-04-17 19:30:00+00:00,2430.39990234375
ETH-USD,2026-04-17 20:00:00+00:00,2429.330078125
ETH-USD,2026-04-17 20:30:00+00:00,2427.89990234375
ETH-USD,2026-04-17 21:00:00+00:00,2430.81005859375
ETH-USD,2026-04-17 21:30:00+00:00,2430.409912109375
ETH-USD,2026-04-17 22:00:00+00:00,2431.81005859375
ETH-USD,2026-04-17 22:30:00+00:00,2434.2099609375
ETH-USD,2026-04-17 23:00:00+00:00,2422.10009765625
ETH-USD,2026-04-17 23:30:00+00:00,2419.81005859375
ETH-USD,2026-04-18 00:00:00+00:00,2422.639892578125
ETH-USD,2026-04-18 00:30:00+00:00,2420.7900390625
ETH-USD,2026-04-18 01:00:00+00:00,2424.89990234375
ETH-USD,2026-04-18 01:30:00+00:00,2422.050048828125
ETH-USD,2026-04-18 02:00:00+00:00,2422.699951171875
ETH-USD,2026-04-18 02:30:00+00:00,2419.89990234375
ETH-USD,2026-04-18 03:00:00+00:00,2417.2099609375
ETH-USD,2026-04-18 03:30:00+00:00,2406.260009765625
ETH-USD,2026-04-18 04:00:00+00:00,2403.68994140625
ETH-USD,2026-04-18 04:30:00+00:00,2408.330078125
ETH-USD,2026-04-18 05:00:00+00:00,2410.2900390625
ETH-USD,2026-04-18 05:30:00+00:00,2409.8798828125
ETH-USD,2026-04-18 06:00:00+00:00,2409.60009765625
ETH-USD,2026-04-18 06:30:00+00:00,2410.68994140625
ETH-USD,2026-04-18 07:00:00+00:00,2407.110107421875
ETH-USD,2026-04-18 07:30:00+00:00,2404.5400390625
ETH-USD,2026-04-18 08:00:00+00:00,2388.090087890625
ETH-USD,2026-04-18 08:30:00+00:00,2381.760009765625
ETH-USD,2026-04-18 09:00:00+00:00,2378.89990234375
ETH-USD,2026-04-18 09:30:00+00:00,2376.81005859375
ETH-USD,2026-04-18 10:00:00+00:00,2362.300048828125
ETH-USD,2026-04-18 10:30:00+00:00,2360.090087890625
ETH-USD,2026-04-18 11:00:00+00:00,2357.3701171875
ETH-USD,2026-04-18 11:30:00+00:00,2353.7099609375
ETH-USD,2026-04-18 12:00:00+00:00,2356.090087890625
ETH-USD,2026-04-18 12:30:00+00:00,2358.860107421875
ETH-USD,2026-04-18 13:00:00+00:00,2355.0
ETH-USD,2026-04-18 13:30:00+00:00,2356.219970703125
ETH-USD,2026-04-18 14:00:00+00:00,2357.219970703125
ETH-USD,2026-04-18 14:30:00+00:00,2365.89990234375
ETH-USD,2026-04-18 15:00:00+00:00,2365.580078125
ETH-USD,2026-04-18 15:30:00+00:00,2364.389892578125
ETH-USD,2026-04-18 16:00:00+00:00,2369.010009765625
ETH-USD,2026-04-18 16:30:00+00:00,2361.510009765625
ETH-USD,2026-04-18 17:00:00+00:00,2362.919921875
ETH-USD,2026-04-18 17:30:00+00:00,2362.5
ETH-USD,2026-04-18 18:00:00+00:00,2356.219970703125
ETH-USD,2026-04-18 18:30:00+00:00,2347.989990234375
ETH-USD,2026-04-18 19:00:00+00:00,2352.340087890625
ETH-USD,2026-04-18 19:30:00+00:00,2349.510009765625
ETH-USD,2026-04-18 20:00:00+00:00,2349.7099609375
ETH-USD,2026-04-18 20:30:00+00:00,2353.68994140625
ETH-USD,2026-04-18 21:00:00+00:00,2353.510009765625
ETH-USD,2026-04-18 21:30:00+00:00,2356.419921875
ETH-USD,2026-04-18 22:00:00+00:00,2354.590087890625
ETH-USD,2026-04-18 22:30:00+00:00,2357.610107421875
ETH-USD,2026-04-18 23:00:00+00:00,2355.800048828125
ETH-USD,2026-04-18 23:30:00+00:00,2351.199951171875
ETH-USD,2026-04-19 00:00:00+00:00,2349.2099609375
ETH-USD,2026-04-19 00:30:00+00:00,2350.10009765625
ETH-USD,2026-04-19 01:00:00+00:00,2345.219970703125
ETH-USD,2026-04-19 01:30:00+00:00,2349.090087890625
ETH-USD,2026-04-19 02:00:00+00:00,2339.010009765625
ETH-USD,2026-04-19 02:30:00+00:00,2339.2099609375
ETH-USD,2026-04-19 03:00:00+00:00,2344.35009765625
ETH-USD,2026-04-19 03:30:00+00:00,2340.800048828125
ETH-USD,2026-04-19 04:00:00+00:00,2342.919921875
ETH-USD,2026-04-19 04:30:00+00:00,2334.43994140625
ETH-USD,2026-04-19 05:00:00+00:00,2334.89990234375
ETH-USD,2026-04-19 05:30:00+00:00,2333.679931640625
ETH-USD,2026-04-19 06:00:00+00:00,2329.300048828125
ETH-USD,2026-04-19 06:30:00+00:00,2328.199951171875
ETH-USD,2026-04-19 07:00:00+00:00,2304.0
ETH-USD,2026-04-19 07:30:00+00:00,2316.909912109375
ETH-USD,2026-04-19 08:00:00+00:00,2316.610107421875
ETH-USD,2026-04-19 08:30:00+00:00,2319.75
ETH-USD,2026-04-19 09:00:00+00:00,2315.81005859375
ETH-USD,2026-04-19 09:30:00+00:00,2310.840087890625
ETH-USD,2026-04-19 10:00:00+00:00,2312.510009765625
ETH-USD,2026-04-19 10:30:00+00:00,2318.75
ETH-USD,2026-04-19 11:00:00+00:00,2326.3798828125
ETH-USD,2026-04-19 11:30:00+00:00,2330.199951171875
ETH-USD,2026-04-19 12:00:00+00:00,2329.510009765625
ETH-USD,2026-04-19 12:30:00+00:00,2332.85009765625
ETH-USD,2026-04-19 13:00:00+00:00,2343.10009765625
ETH-USD,2026-04-19 13:30:00+00:00,2339.7900390625
ETH-USD,2026-04-19 14:00:00+00:00,2340.02001953125
ETH-USD,2026-04-19 14:30:00+00:00,2339.300048828125
ETH-USD,2026-04-19 15:00:00+00:00,2336.10009765625
ETH-USD,2026-04-19 15:30:00+00:00,2331.550048828125
ETH-USD,2026-04-19 16:00:00+00:00,2320.919921875
ETH-USD,2026-04-19 16:30:00+00:00,2312.5
ETH-USD,2026-04-19 17:00:00+00:00,2313.10009765625
ETH-USD,2026-04-19 17:30:00+00:00,2296.489990234375
ETH-USD,2026-04-19 18:00:00+00:00,2298.2900390625
ETH-USD,2026-04-19 18:30:00+00:00,2296.89990234375
ETH-USD,2026-04-19 19:00:00+00:00,2300.110107421875
ETH-USD,2026-04-19 19:30:00+00:00,2300.179931640625
ETH-USD,2026-04-19 20:00:00+00:00,2293.199951171875
ETH-USD,2026-04-19 20:30:00+00:00,2281.199951171875
ETH-USD,2026-04-19 21:00:00+00:00,2287.199951171875
ETH-USD,2026-04-19 21:30:00+00:00,2276.89990234375
ETH-USD,2026-04-19 22:00:00+00:00,2264.610107421875
ETH-USD,2026-04-19 22:30:00+00:00,2270.699951171875
ETH-USD,2026-04-19 23:00:00+00:00,2264.89990234375
ETH-USD,2026-04-19 23:30:00+00:00,2263.5
ETH-USD,2026-04-20 00:00:00+00:00,2277.489990234375
ETH-USD,2026-04-20 00:30:00+00:00,2281.39990234375
ETH-USD,2026-04-20 01:00:00+00:00,2281.550048828125
ETH-USD,2026-04-20 01:30:00+00:00,2286.969970703125
ETH-USD,2026-04-20 02:00:00+00:00,2278.739990234375
ETH-USD,2026-04-20 02:30:00+00:00,2278.510009765625
ETH-USD,2026-04-20 03:00:00+00:00,2281.179931640625
ETH-USD,2026-04-20 03:30:00+00:00,2287.22998046875
ETH-USD,2026-04-20 04:00:00+00:00,2282.2099609375
ETH-USD,2026-04-20 04:30:00+00:00,2284.219970703125
ETH-USD,2026-04-20 05:00:00+00:00,2266.800048828125
ETH-USD,2026-04-20 05:30:00+00:00,2270.81005859375
ETH-USD,2026-04-20 06:00:00+00:00,2275.070068359375
ETH-USD,2026-04-20 06:30:00+00:00,2287.06005859375
ETH-USD,2026-04-20 07:00:00+00:00,2315.52001953125
ETH-USD,2026-04-20 07:30:00+00:00,2298.89990234375
ETH-USD,2026-04-20 08:00:00+00:00,2300.06005859375
ETH-USD,2026-04-20 08:30:00+00:00,2294.719970703125
ETH-USD,2026-04-20 09:00:00+00:00,2305.199951171875
ETH-USD,2026-04-20 09:30:00+00:00,2310.0
ETH-USD,2026-04-20 10:00:00+00:00,2316.6201171875
ETH-USD,2026-04-20 10:30:00+00:00,2303.9599609375
ETH-USD,2026-04-20 11:00:00+00:00,2306.93994140625
ETH-USD,2026-04-20 11:30:00+00:00,2309.47998046875
ETH-USD,2026-04-20 12:00:00+00:00,2316.610107421875
ETH-USD,2026-04-20 12:30:00+00:00,2320.02001953125
ETH-USD,2026-04-20 13:00:00+00:00,2317.489990234375
ETH-USD,2026-04-20 13:30:00+00:00,2311.739990234375
ETH-USD,2026-04-20 14:00:00+00:00,2312.31005859375
ETH-USD,2026-04-20 14:30:00+00:00,2290.5
ETH-USD,2026-04-20 15:00:00+00:00,2319.699951171875
ETH-USD,2026-04-20 15:30:00+00:00,2314.800048828125
ETH-USD,2026-04-20 16:00:00+00:00,2304.610107421875
ETH-USD,2026-04-20 16:30:00+00:00,2300.9599609375
ETH-USD,2026-04-20 17:00:00+00:00,2315.199951171875
ETH-USD,2026-04-20 17:30:00+00:00,2317.72998046875
ETH-USD,2026-04-20 18:00:00+00:00,2329.5
ETH-USD,2026-04-20 18:30:00+00:00,2334.820068359375
ETH-USD,2026-04-20 19:00:00+00:00,2330.72998046875
ETH-USD,2026-04-20 19:30:00+00:00,2332.7099609375
ETH-USD,2026-04-20 20:00:00+00:00,2332.5
ETH-USD,2026-04-20 20:30:00+00:00,2338.610107421875
ETH-USD,2026-04-20 21:00:00+00:00,2321.010009765625
ETH-USD,2026-04-20 21:30:00+00:00,2322.179931640625
ETH-USD,2026-04-20 22:00:00+00:00,2319.830078125
ETH-USD,2026-04-20 22:30:00+00:00,2320.199951171875
ETH-USD,2026-04-20 23:00:00+00:00,2310.570068359375
ETH-USD,2026-04-20 23:30:00+00:00,2314.7900390625
ETH-USD,2026-04-21 00:00:00+00:00,2316.919921875
ETH-USD,2026-04-21 00:30:00+00:00,2322.7099609375
ETH-USD,2026-04-21 01:00:00+00:00,2323.800048828125
ETH-USD,2026-04-21 01:30:00+00:00,2315.97998046875
ETH-USD,2026-04-21 02:00:00+00:00,2311.010009765625
ETH-USD,2026-04-21 02:30:00+00:00,2309.010009765625
ETH-USD,2026-04-21 03:00:00+00:00,2307.070068359375
ETH-USD,2026-04-21 03:30:00+00:00,2312.10009765625
ETH-USD,2026-04-21 04:00:00+00:00,2309.0
ETH-USD,2026-04-21 04:30:00+00:00,2315.280029296875
ETH-USD,2026-04-21 05:00:00+00:00,2318.580078125
ETH-USD,2026-04-21 05:30:00+00:00,2314.919921875
ETH-USD,2026-04-21 06:00:00+00:00,2310.64990234375
ETH-USD,2026-04-21 06:30:00+00:00,2318.300048828125
ETH-USD,2026-04-21 07:00:00+00:00,2322.0
ETH-USD,2026-04-21 07:30:00+00:00,2319.43994140625
ETH-USD,2026-04-21 08:00:00+00:00,2323.780029296875
ETH-USD,2026-04-21 08:30:00+00:00,2324.510009765625
ETH-USD,2026-04-21 09:00:00+00:00,2320.25
ETH-USD,2026-04-21 09:30:00+00:00,2325.820068359375
ETH-USD,2026-04-21 10:00:00+00:00,2328.800048828125
ETH-USD,2026-04-21 10:30:00+00:00,2331.969970703125
ETH-USD,2026-04-21 11:00:00+00:00,2327.60009765625
ETH-USD,2026-04-21 11:30:00+00:00,2320.610107421875
ETH-USD,2026-04-21 12:00:00+00:00,2318.31005859375
ETH-USD,2026-04-21 12:30:00+00:00,2309.5
ETH-USD,2026-04-21 13:00:00+00:00,2308.5
ETH-USD,2026-04-21 13:30:00+00:00,2313.699951171875
ETH-USD,2026-04-21 14:00:00+00:00,2314.8701171875
ETH-USD,2026-04-21 14:30:00+00:00,2299.85009765625
ETH-USD,2026-04-21 15:00:00+00:00,2302.580078125
ETH-USD,2026-04-21 15:30:00+00:00,2311.31005859375
ETH-USD,2026-04-21 16:00:00+00:00,2313.35009765625
ETH-USD,2026-04-21 16:30:00+00:00,2308.52001953125
ETH-USD,2026-04-21 17:00:00+00:00,2296.699951171875
ETH-USD,2026-04-21 17:30:00+00:00,2307.25
ETH-USD,2026-04-21 18:00:00+00:00,2306.5
ETH-USD,2026-04-21 18:30:00+00:00,2313.639892578125
ETH-USD,2026-04-21 19:00:00+00:00,2325.89990234375
ETH-USD,2026-04-21 19:30:00+00:00,2299.47998046875
ETH-USD,2026-04-21 20:00:00+00:00,2318.800048828125
ETH-USD,2026-04-21 20:30:00+00:00,2315.679931640625
ETH-USD,2026-04-21 21:00:00+00:00,2313.739990234375
ETH-USD,2026-04-21 21:30:00+00:00,2313.22998046875
ETH-USD,2026-04-21 22:00:00+00:00,2307.610107421875
ETH-USD,2026-04-21 22:30:00+00:00,2312.2099609375
ETH-USD,2026-04-21 23:00:00+00:00,2316.699951171875
ETH-USD,2026-04-21 23:30:00+00:00,2328.0
ETH-USD,2026-04-22 00:00:00+00:00,2325.75
ETH-USD,2026-04-22 00:30:00+00:00,2326.110107421875
ETH-USD,2026-04-22 01:00:00+00:00,2314.81005859375
ETH-USD,2026-04-22 01:30:00+00:00,2323.179931640625
ETH-USD,2026-04-22 02:00:00+00:00,2354.989990234375
ETH-USD,2026-04-22 02:30:00+00:00,2370.5
ETH-USD,2026-04-22 03:00:00+00:00,2365.550048828125
ETH-USD,2026-04-22 03:30:00+00:00,2364.31005859375
ETH-USD,2026-04-22 04:00:00+00:00,2362.360107421875
ETH-USD,2026-04-22 04:30:00+00:00,2364.0
ETH-USD,2026-04-22 05:00:00+00:00,2387.93994140625
ETH-USD,2026-04-22 05:30:00+00:00,2396.89990234375
ETH-USD,2026-04-22 06:00:00+00:00,2391.89990234375
ETH-USD,2026-04-22 06:30:00+00:00,2393.25
ETH-USD,2026-04-22 07:00:00+00:00,2386.9599609375
ETH-USD,2026-04-22 07:30:00+00:00,2390.419921875
ETH-USD,2026-04-22 08:00:00+00:00,2386.35009765625
ETH-USD,2026-04-22 08:30:00+00:00,2388.989990234375
ETH-USD,2026-04-22 09:00:00+00:00,2394.2099609375
ETH-USD,2026-04-22 09:30:00+00:00,2388.110107421875
ETH-USD,2026-04-22 10:00:00+00:00,2391.830078125
ETH-USD,2026-04-22 10:30:00+00:00,2391.010009765625
ETH-USD,2026-04-22 11:00:00+00:00,2393.39990234375
ETH-USD,2026-04-22 11:30:00+00:00,2399.35009765625
ETH-USD,2026-04-22 12:00:00+00:00,2398.840087890625
ETH-USD,2026-04-22 12:30:00+00:00,2406.0
ETH-USD,2026-04-22 13:00:00+00:00,2409.760009765625
ETH-USD,2026-04-22 13:30:00+00:00,2418.77001953125
ETH-USD,2026-04-22 14:00:00+00:00,2412.199951171875
ETH-USD,2026-04-22 14:30:00+00:00,2404.360107421875
ETH-USD,2026-04-22 15:00:00+00:00,2400.0
ETH-USD,2026-04-22 15:30:00+00:00,2403.97998046875
ETH-USD,2026-04-22 16:00:00+00:00,2395.0
ETH-USD,2026-04-22 16:30:00+00:00,2386.199951171875
ETH-USD,2026-04-22 17:00:00+00:00,2393.070068359375
ETH-USD,2026-04-22 17:30:00+00:00,2399.89990234375
ETH-USD,2026-04-22 18:00:00+00:00,2399.010009765625
ETH-USD,2026-04-22 18:30:00+00:00,2397.60009765625
ETH-USD,2026-04-22 19:00:00+00:00,2405.639892578125
ETH-USD,2026-04-22 19:30:00+00:00,2398.489990234375
ETH-USD,2026-04-22 20:00:00+00:00,2398.5
ETH-USD,2026-04-22 20:30:00+00:00,2392.320068359375
ETH-USD,2026-04-22 21:00:00+00:00,2397.679931640625
ETH-USD,2026-04-22 21:30:00+00:00,2403.199951171875
ETH-USD,2026-04-22 22:00:00+00:00,2397.830078125
ETH-USD,2026-04-22 22:30:00+00:00,2401.300048828125
ETH-USD,2026-04-22 23:00:00+00:00,2387.300048828125
ETH-USD,2026-04-22 23:30:00+00:00,2375.199951171875
ETH-USD,2026-04-23 00:00:00+00:00,2374.39990234375
ETH-USD,2026-04-23 00:30:00+00:00,2372.989990234375
ETH-USD,2026-04-23 01:00:00+00:00,2364.0
ETH-USD,2026-04-23 01:30:00+00:00,2367.419921875
ETH-USD,2026-04-23 02:00:00+00:00,2356.10009765625
ETH-USD,2026-04-23 02:30:00+00:00,2352.6201171875
ETH-USD,2026-04-23 03:00:00+00:00,2339.4599609375
ETH-USD,2026-04-23 03:30:00+00:00,2340.080078125
ETH-USD,2026-04-23 04:00:00+00:00,2344.0
ETH-USD,2026-04-23 04:30:00+00:00,2348.929931640625
ETH-USD,2026-04-23 05:00:00+00:00,2347.68994140625
ETH-USD,2026-04-23 05:30:00+00:00,2349.89990234375
ETH-USD,2026-04-23 06:00:00+00:00,2358.0
ETH-USD,2026-04-23 06:30:00+00:00,2355.3701171875
ETH-USD,2026-04-23 07:00:00+00:00,2351.89990234375
ETH-USD,2026-04-23 07:30:00+00:00,2345.300048828125
ETH-USD,2026-04-23 08:00:00+00:00,2339.830078125
ETH-USD,2026-04-23 08:30:00+00:00,2340.389892578125
ETH-USD,2026-04-23 09:00:00+00:00,2321.989990234375
ETH-USD,2026-04-23 09:30:00+00:00,2317.080078125
ETH-USD,2026-04-23 10:00:00+00:00,2314.449951171875
ETH-USD,2026-04-23 10:30:00+00:00,2314.580078125
ETH-USD,2026-04-23 11:00:00+00:00,2320.969970703125
ETH-USD,2026-04-23 11:30:00+00:00,2329.719970703125
ETH-USD,2026-04-23 12:00:00+00:00,2331.590087890625
ETH-USD,2026-04-23 12:30:00+00:00,2330.199951171875
ETH-USD,2026-04-23 13:00:00+00:00,2324.590087890625
ETH-USD,2026-04-23 13:30:00+00:00,2320.18994140625
ETH-USD,2026-04-23 14:00:00+00:00,2328.31005859375
ETH-USD,2026-04-23 14:30:00+00:00,2335.419921875
ETH-USD,2026-04-23 15:00:00+00:00,2332.610107421875
ETH-USD,2026-04-23 15:30:00+00:00,2334.419921875
ETH-USD,2026-04-23 16:00:00+00:00,2330.39990234375
ETH-USD,2026-04-23 16:30:00+00:00,2326.989990234375
ETH-USD,2026-04-23 17:00:00+00:00,2309.389892578125
ETH-USD,2026-04-23 17:30:00+00:00,2311.050048828125
ETH-USD,2026-04-23 18:00:00+00:00,2310.8701171875
ETH-USD,2026-04-23 18:30:00+00:00,2306.449951171875
ETH-USD,2026-04-23 19:00:00+00:00,2314.909912109375
ETH-USD,2026-04-23 19:30:00+00:00,2313.830078125
ETH-USD,2026-04-23 20:00:00+00:00,2319.489990234375
ETH-USD,2026-04-23 20:30:00+00:00,2325.7900390625
ETH-USD,2026-04-23 21:00:00+00:00,2325.360107421875
ETH-USD,2026-04-23 21:30:00+00:00,2323.81005859375
ETH-USD,2026-04-23 22:00:00+00:00,2331.610107421875
ETH-USD,2026-04-23 22:30:00+00:00,2332.889892578125
ETH-USD,2026-04-23 23:00:00+00:00,2327.5400390625
ETH-USD,2026-04-23 23:30:00+00:00,2331.080078125
ETH-USD,2026-04-24 00:00:00+00:00,2334.56005859375
ETH-USD,2026-04-24 00:30:00+00:00,2333.159912109375
ETH-USD,2026-04-24 01:00:00+00:00,2322.300048828125
ETH-USD,2026-04-24 01:30:00+00:00,2333.60009765625
ETH-USD,2026-04-24 02:00:00+00:00,2325.780029296875
ETH-USD,2026-04-24 02:30:00+00:00,2320.659912109375
ETH-USD,2026-04-24 03:00:00+00:00,2312.199951171875
ETH-USD,2026-04-24 03:30:00+00:00,2309.22998046875
ETH-USD,2026-04-24 04:00:00+00:00,2305.800048828125
ETH-USD,2026-04-24 04:30:00+00:00,2307.0
ETH-USD,2026-04-24 05:00:00+00:00,2305.47998046875
ETH-USD,2026-04-24 05:30:00+00:00,2315.2099609375
ETH-USD,2026-04-24 06:00:00+00:00,2314.31005859375
ETH-USD,2026-04-24 06:30:00+00:00,2309.89990234375
ETH-USD,2026-04-24 07:00:00+00:00,2315.239990234375
ETH-USD,2026-04-24 07:30:00+00:00,2312.77001953125
ETH-USD,2026-04-24 08:00:00+00:00,2317.830078125
ETH-USD,2026-04-24 08:30:00+00:00,2316.64990234375
ETH-USD,2026-04-24 09:00:00+00:00,2308.949951171875
ETH-USD,2026-04-24 09:30:00+00:00,2310.840087890625
ETH-USD,2026-04-24 10:00:00+00:00,2314.780029296875
ETH-USD,2026-04-24 10:30:00+00:00,2316.8701171875
ETH-USD,2026-04-24 11:00:00+00:00,2333.280029296875
ETH-USD,2026-04-24 11:30:00+00:00,2329.469970703125
ETH-USD,2026-04-24 12:00:00+00:00,2329.320068359375
ETH-USD,2026-04-24 12:30:00+00:00,2325.8798828125
ETH-USD,2026-04-24 13:00:00+00:00,2324.050048828125
ETH-USD,2026-04-24 13:30:00+00:00,2317.590087890625
ETH-USD,2026-04-24 14:00:00+00:00,2307.0400390625
ETH-USD,2026-04-24 14:30:00+00:00,2314.530029296875
ETH-USD,2026-04-24 15:00:00+00:00,2313.3701171875
ETH-USD,2026-04-24 15:30:00+00:00,2324.590087890625
ETH-USD,2026-04-24 16:00:00+00:00,2316.179931640625
ETH-USD,2026-04-24 16:30:00+00:00,2317.5
ETH-USD,2026-04-24 17:00:00+00:00,2315.639892578125
ETH-USD,2026-04-24 17:30:00+00:00,2320.469970703125
ETH-USD,2026-04-24 18:00:00+00:00,2315.18994140625
ETH-USD,2026-04-24 18:30:00+00:00,2320.64990234375
ETH-USD,2026-04-24 19:00:00+00:00,2321.47998046875
ETH-USD,2026-04-24 19:30:00+00:00,2322.0
ETH-USD,2026-04-24 20:00:00+00:00,2317.47998046875
ETH-USD,2026-04-24 20:30:00+00:00,2327.330078125
ETH-USD,2026-04-24 21:00:00+00:00,2318.22998046875
ETH-USD,2026-04-24 21:30:00+00:00,2315.830078125
ETH-USD,2026-04-24 22:00:00+00:00,2314.10009765625
ETH-USD,2026-04-24 22:30:00+00:00,2312.72998046875
ETH-USD,2026-04-24 23:00:00+00:00,2315.6298828125
ETH-USD,2026-04-24 23:30:00+00:00,2315.81005859375
ETH-USD,2026-04-25 00:00:00+00:00,2312.780029296875
ETH-USD,2026-04-25 00:30:00+00:00,2316.419921875
ETH-USD,2026-04-25 01:00:00+00:00,2318.5
ETH-USD,2026-04-25 01:30:00+00:00,2318.679931640625
ETH-USD,2026-04-25 02:00:00+00:00,2318.8701171875
ETH-USD,2026-04-25 02:30:00+00:00,2318.159912109375
ETH-USD,2026-04-25 03:00:00+00:00,2316.93994140625
ETH-USD,2026-04-25 03:30:00+00:00,2319.280029296875
ETH-USD,2026-04-25 04:00:00+00:00,2318.179931640625
ETH-USD,2026-04-25 04:30:00+00:00,2317.25
ETH-USD,2026-04-25 05:00:00+00:00,2314.89990234375
ETH-USD,2026-04-25 05:30:00+00:00,2316.60009765625
ETH-USD,2026-04-25 06:00:00+00:00,2315.6298828125
ETH-USD,2026-04-25 06:30:00+00:00,2316.429931640625
ETH-USD,2026-04-25 07:00:00+00:00,2316.330078125
ETH-USD,2026-04-25 07:30:00+00:00,2317.0
ETH-USD,2026-04-25 08:00:00+00:00,2318.949951171875
ETH-USD,2026-04-25 08:30:00+00:00,2319.929931640625
ETH-USD,2026-04-25 09:00:00+00:00,2317.77001953125
ETH-USD,2026-04-25 09:30:00+00:00,2319.659912109375
ETH-USD,2026-04-25 10:00:00+00:00,2321.550048828125
ETH-USD,2026-04-25 10:30:00+00:00,2320.929931640625
ETH-USD,2026-04-25 11:00:00+00:00,2315.669921875
ETH-USD,2026-04-25 11:30:00+00:00,2314.330078125
ETH-USD,2026-04-25 12:00:00+00:00,2314.889892578125
ETH-USD,2026-04-25 12:30:00+00:00,2314.02001953125
ETH-USD,2026-04-25 13:00:00+00:00,2317.06005859375
ETH-USD,2026-04-25 13:30:00+00:00,2316.64990234375
ETH-USD,2026-04-25 14:00:00+00:00,2318.050048828125
ETH-USD,2026-04-25 14:30:00+00:00,2316.419921875
ETH-USD,2026-04-25 15:00:00+00:00,2318.489990234375
ETH-USD,2026-04-25 15:30:00+00:00,2308.7900390625
ETH-USD,2026-04-25 16:00:00+00:00,2309.3701171875
ETH-USD,2026-04-25 16:30:00+00:00,2310.1201171875
ETH-USD,2026-04-25 17:00:00+00:00,2309.590087890625
ETH-USD,2026-04-25 17:30:00+00:00,2309.580078125
ETH-USD,2026-04-25 18:00:00+00:00,2312.72998046875
ETH-USD,2026-04-25 18:30:00+00:00,2311.919921875
ETH-USD,2026-04-25 19:00:00+00:00,2309.409912109375
ETH-USD,2026-04-25 19:30:00+00:00,2310.340087890625
ETH-USD,2026-04-25 20:00:00+00:00,2312.199951171875
ETH-USD,2026-04-25 20:30:00+00:00,2313.989990234375
ETH-USD,2026-04-25 21:00:00+00:00,2316.590087890625
ETH-USD,2026-04-25 21:30:00+00:00,2316.239990234375
ETH-USD,2026-04-25 22:00:00+00:00,2317.139892578125
ETH-USD,2026-04-25 22:30:00+00:00,2318.489990234375
ETH-USD,2026-04-25 23:00:00+00:00,2319.929931640625
ETH-USD,2026-04-25 23:30:00+00:00,2319.889892578125
ETH-USD,2026-04-26 00:00:00+00:00,2315.699951171875
ETH-USD,2026-04-26 00:30:00+00:00,2315.7099609375
ETH-USD,2026-04-26 01:00:00+00:00,2316.510009765625
ETH-USD,2026-04-26 01:30:00+00:00,2314.56005859375
ETH-USD,2026-04-26 02:00:00+00:00,2318.10009765625
ETH-USD,2026-04-26 02:30:00+00:00,2315.6201171875
ETH-USD,2026-04-26 03:00:00+00:00,2312.989990234375
ETH-USD,2026-04-26 03:30:00+00:00,2310.219970703125
ETH-USD,2026-04-26 04:00:00+00:00,2311.739990234375
ETH-USD,2026-04-26 04:30:00+00:00,2318.27001953125
ETH-USD,2026-04-26 05:00:00+00:00,2331.43994140625
ETH-USD,2026-04-26 05:30:00+00:00,2328.7099609375
ETH-USD,2026-04-26 06:00:00+00:00,2330.3701171875
ETH-USD,2026-04-26 06:30:00+00:00,2330.989990234375
ETH-USD,2026-04-26 07:00:00+00:00,2330.800048828125
ETH-USD,2026-04-26 07:30:00+00:00,2332.179931640625
ETH-USD,2026-04-26 08:00:00+00:00,2332.550048828125
ETH-USD,2026-04-26 08:30:00+00:00,2333.169921875
ETH-USD,2026-04-26 09:00:00+00:00,2332.889892578125
ETH-USD,2026-04-26 09:30:00+00:00,2335.449951171875
ETH-USD,2026-04-26 10:00:00+00:00,2333.989990234375
ETH-USD,2026-04-26 10:30:00+00:00,2333.6201171875
ETH-USD,2026-04-26 11:00:00+00:00,2337.179931640625
ETH-USD,2026-04-26 11:30:00+00:00,2337.0400390625
ETH-USD,2026-04-26 12:00:00+00:00,2332.2099609375
ETH-USD,2026-04-26 12:30:00+00:00,2329.64990234375
ETH-USD,2026-04-26 13:00:00+00:00,2331.10009765625
ETH-USD,2026-04-26 13:30:00+00:00,2335.949951171875
ETH-USD,2026-04-26 14:00:00+00:00,2350.60009765625
ETH-USD,2026-04-26 14:30:00+00:00,2346.81005859375
ETH-USD,2026-04-26 15:00:00+00:00,2349.260009765625
ETH-USD,2026-04-26 15:30:00+00:00,2348.909912109375
ETH-USD,2026-04-26 16:00:00+00:00,2347.60009765625
ETH-USD,2026-04-26 16:30:00+00:00,2343.409912109375
ETH-USD,2026-04-26 17:00:00+00:00,2347.1298828125
ETH-USD,2026-04-26 17:30:00+00:00,2350.3798828125
ETH-USD,2026-04-26 18:00:00+00:00,2361.9599609375
ETH-USD,2026-04-26 18:30:00+00:00,2362.5
ETH-USD,2026-04-26 19:00:00+00:00,2366.60009765625
ETH-USD,2026-04-26 19:30:00+00:00,2368.530029296875
ETH-USD,2026-04-26 20:00:00+00:00,2367.449951171875
ETH-USD,2026-04-26 20:30:00+00:00,2364.1298828125
ETH-USD,2026-04-26 21:00:00+00:00,2366.050048828125
ETH-USD,2026-04-26 21:30:00+00:00,2364.89990234375
ETH-USD,2026-04-26 22:00:00+00:00,2369.110107421875
ETH-USD,2026-04-26 22:30:00+00:00,2362.47998046875
ETH-USD,2026-04-26 23:00:00+00:00,2362.7900390625
ETH-USD,2026-04-26 23:30:00+00:00,2370.419921875
ETH-USD,2026-04-27 00:00:00+00:00,2363.610107421875
ETH-USD,2026-04-27 00:30:00+00:00,2389.7099609375
ETH-USD,2026-04-27 01:00:00+00:00,2383.75
ETH-USD,2026-04-27 01:30:00+00:00,2395.300048828125
ETH-USD,2026-04-27 02:00:00+00:00,2393.8798828125
ETH-USD,2026-04-27 02:30:00+00:00,2393.080078125
ETH-USD,2026-04-27 03:00:00+00:00,2398.679931640625
ETH-USD,2026-04-27 03:30:00+00:00,2395.27001953125
ETH-USD,2026-04-27 04:00:00+00:00,2391.760009765625
ETH-USD,2026-04-27 04:30:00+00:00,2383.169921875
ETH-USD,2026-04-27 05:00:00+00:00,2334.60009765625
ETH-USD,2026-04-27 05:30:00+00:00,2323.18994140625
ETH-USD,2026-04-27 06:00:00+00:00,2325.719970703125
ETH-USD,2026-04-27 06:30:00+00:00,2321.280029296875
ETH-USD,2026-04-27 07:00:00+00:00,2320.199951171875
ETH-USD,2026-04-27 07:30:00+00:00,2316.35009765625
ETH-USD,2026-04-27 08:00:00+00:00,2310.6201171875
ETH-USD,2026-04-27 08:30:00+00:00,2319.7099609375
ETH-USD,2026-04-27 09:00:00+00:00,2319.260009765625
ETH-USD,2026-04-27 09:30:00+00:00,2322.320068359375
ETH-USD,2026-04-27 10:00:00+00:00,2320.179931640625
ETH-USD,2026-04-27 10:30:00+00:00,2319.9599609375
ETH-USD,2026-04-27 11:00:00+00:00,2321.85009765625
ETH-USD,2026-04-27 11:30:00+00:00,2320.43994140625
ETH-USD,2026-04-27 12:00:00+00:00,2316.47998046875
ETH-USD,2026-04-27 12:30:00+00:00,2313.969970703125
ETH-USD,2026-04-27 13:00:00+00:00,2314.919921875
ETH-USD,2026-04-27 13:30:00+00:00,2312.60009765625
ETH-USD,2026-04-27 14:00:00+00:00,2313.72998046875
ETH-USD,2026-04-27 14:30:00+00:00,2314.64990234375
ETH-USD,2026-04-27 15:00:00+00:00,2276.010009765625
ETH-USD,2026-04-27 15:30:00+00:00,2274.639892578125
ETH-USD,2026-04-27 16:00:00+00:00,2276.159912109375
ETH-USD,2026-04-27 16:30:00+00:00,2277.679931640625
ETH-USD,2026-04-27 17:00:00+00:00,2288.31005859375
ETH-USD,2026-04-27 17:30:00+00:00,2286.889892578125
ETH-USD,2026-04-27 18:00:00+00:00,2285.929931640625
ETH-USD,2026-04-27 18:30:00+00:00,2288.860107421875
ETH-USD,2026-04-27 19:00:00+00:00,2280.1298828125
ETH-USD,2026-04-27 19:30:00+00:00,2288.8798828125
ETH-USD,2026-04-27 20:00:00+00:00,2292.830078125
ETH-USD,2026-04-27 20:30:00+00:00,2291.2099609375
ETH-USD,2026-04-27 21:00:00+00:00,2289.72998046875
ETH-USD,2026-04-27 21:30:00+00:00,2287.2099609375
ETH-USD,2026-04-27 22:00:00+00:00,2291.89990234375
ETH-USD,2026-04-27 22:30:00+00:00,2294.429931640625
ETH-USD,2026-04-27 23:00:00+00:00,2292.969970703125
ETH-USD,2026-04-27 23:30:00+00:00,2303.43994140625
ETH-USD,2026-04-28 00:00:00+00:00,2299.679931640625
ETH-USD,2026-04-28 00:30:00+00:00,2306.8798828125
ETH-USD,2026-04-28 01:00:00+00:00,2305.780029296875
ETH-USD,2026-04-28 01:30:00+00:00,2298.719970703125
ETH-USD,2026-04-28 02:00:00+00:00,2293.449951171875
ETH-USD,2026-04-28 02:30:00+00:00,2288.800048828125
ETH-USD,2026-04-28 03:00:00+00:00,2284.639892578125
ETH-USD,2026-04-28 03:30:00+00:00,2290.570068359375
ETH-USD,2026-04-28 04:00:00+00:00,2286.219970703125
ETH-USD,2026-04-28 04:30:00+00:00,2288.510009765625
ETH-USD,2026-04-28 05:00:00+00:00,2294.949951171875
ETH-USD,2026-04-28 05:30:00+00:00,2288.179931640625
ETH-USD,2026-04-28 06:00:00+00:00,2285.909912109375
ETH-USD,2026-04-28 06:30:00+00:00,2277.610107421875
ETH-USD,2026-04-28 07:00:00+00:00,2277.969970703125
ETH-USD,2026-04-28 07:30:00+00:00,2287.43994140625
ETH-USD,2026-04-28 08:00:00+00:00,2290.699951171875
ETH-USD,2026-04-28 08:30:00+00:00,2287.199951171875
ETH-USD,2026-04-28 09:00:00+00:00,2288.2099609375
ETH-USD,2026-04-28 09:30:00+00:00,2282.0
ETH-USD,2026-04-28 10:00:00+00:00,2282.56005859375
ETH-USD,2026-04-28 10:30:00+00:00,2284.320068359375
ETH-USD,2026-04-28 11:00:00+00:00,2276.409912109375
ETH-USD,2026-04-28 11:30:00+00:00,2274.9599609375
ETH-USD,2026-04-28 12:00:00+00:00,2273.449951171875
ETH-USD,2026-04-28 12:30:00+00:00,2278.030029296875
ETH-USD,2026-04-28 13:00:00+00:00,2272.68994140625
ETH-USD,2026-04-28 13:30:00+00:00,2276.719970703125
ETH-USD,2026-04-28 14:00:00+00:00,2266.550048828125
ETH-USD,2026-04-28 14:30:00+00:00,2273.1201171875
ETH-USD,2026-04-28 15:00:00+00:00,2273.3701171875
ETH-USD,2026-04-28 15:30:00+00:00,2279.659912109375
ETH-USD,2026-04-28 16:00:00+00:00,2277.280029296875
ETH-USD,2026-04-28 16:30:00+00:00,2286.0
ETH-USD,2026-04-28 17:00:00+00:00,2284.889892578125
ETH-USD,2026-04-28 17:30:00+00:00,2290.360107421875
ETH-USD,2026-04-28 18:00:00+00:00,2294.320068359375
ETH-USD,2026-04-28 18:30:00+00:00,2296.8701171875
ETH-USD,2026-04-28 19:00:00+00:00,2291.800048828125
ETH-USD,2026-04-28 19:30:00+00:00,2301.179931640625
ETH-USD,2026-04-28 20:00:00+00:00,2296.6298828125
ETH-USD,2026-04-28 20:30:00+00:00,2295.06005859375
ETH-USD,2026-04-28 21:00:00+00:00,2287.639892578125
ETH-USD,2026-04-28 21:30:00+00:00,2289.949951171875
ETH-USD,2026-04-28 22:00:00+00:00,2289.080078125
ETH-USD,2026-04-28 22:30:00+00:00,2286.27001953125
ETH-USD,2026-04-28 23:00:00+00:00,2286.0
ETH-USD,2026-04-28 23:30:00+00:00,2289.2900390625
ETH-USD,2026-04-29 00:00:00+00:00,2286.489990234375
ETH-USD,2026-04-29 00:30:00+00:00,2291.85009765625
ETH-USD,2026-04-29 01:00:00+00:00,2281.800048828125
ETH-USD,2026-04-29 01:30:00+00:00,2292.300048828125
ETH-USD,2026-04-29 02:00:00+00:00,2289.1298828125
ETH-USD,2026-04-29 02:30:00+00:00,2288.409912109375
ETH-USD,2026-04-29 03:00:00+00:00,2300.81005859375
ETH-USD,2026-04-29 03:30:00+00:00,2311.469970703125
ETH-USD,2026-04-29 04:00:00+00:00,2314.330078125
ETH-USD,2026-04-29 04:30:00+00:00,2326.81005859375
ETH-USD,2026-04-29 05:00:00+00:00,2326.739990234375
ETH-USD,2026-04-29 05:30:00+00:00,2328.6298828125
ETH-USD,2026-04-29 06:00:00+00:00,2328.669921875
ETH-USD,2026-04-29 06:30:00+00:00,2324.110107421875
ETH-USD,2026-04-29 07:00:00+00:00,2322.93994140625
ETH-USD,2026-04-29 07:30:00+00:00,2323.3701171875
ETH-USD,2026-04-29 08:00:00+00:00,2326.340087890625
ETH-USD,2026-04-29 08:30:00+00:00,2325.43994140625
ETH-USD,2026-04-29 09:00:00+00:00,2327.68994140625
ETH-USD,2026-04-29 09:30:00+00:00,2339.760009765625
ETH-USD,2026-04-29 10:00:00+00:00,2345.97998046875
ETH-USD,2026-04-29 10:30:00+00:00,2333.050048828125
ETH-USD,2026-04-29 11:00:00+00:00,2329.580078125
ETH-USD,2026-04-29 11:30:00+00:00,2331.47998046875
ETH-USD,2026-04-29 12:00:00+00:00,2313.840087890625
ETH-USD,2026-04-29 12:30:00+00:00,2315.800048828125
ETH-USD,2026-04-29 13:00:00+00:00,2306.47998046875
ETH-USD,2026-04-29 13:30:00+00:00,2302.7099609375
ETH-USD,2026-04-29 14:00:00+00:00,2304.199951171875
ETH-USD,2026-04-29 14:30:00+00:00,2298.530029296875
ETH-USD,2026-04-29 15:00:00+00:00,2290.0
ETH-USD,2026-04-29 15:30:00+00:00,2271.5
ETH-USD,2026-04-29 16:00:00+00:00,2273.070068359375
ETH-USD,2026-04-29 16:30:00+00:00,2266.0
ETH-USD,2026-04-29 17:00:00+00:00,2269.469970703125
ETH-USD,2026-04-29 17:30:00+00:00,2280.699951171875
ETH-USD,2026-04-29 18:00:00+00:00,2230.909912109375
ETH-USD,2026-04-29 18:30:00+00:00,2238.52001953125
ETH-USD,2026-04-29 19:00:00+00:00,2233.6201171875
ETH-USD,2026-04-29 19:30:00+00:00,2232.719970703125
ETH-USD,2026-04-29 20:00:00+00:00,2238.8701171875
ETH-USD,2026-04-29 20:30:00+00:00,2239.60009765625
ETH-USD,2026-04-29 21:00:00+00:00,2246.489990234375
ETH-USD,2026-04-29 21:30:00+00:00,2252.169921875
ETH-USD,2026-04-29 22:00:00+00:00,2251.60009765625
ETH-USD,2026-04-29 22:30:00+00:00,2256.93994140625
ETH-USD,2026-04-29 23:00:00+00:00,2252.169921875
ETH-USD,2026-04-29 23:30:00+00:00,2251.840087890625
ETH-USD,2026-04-30 00:00:00+00:00,2253.300048828125
ETH-USD,2026-04-30 00:30:00+00:00,2271.820068359375
ETH-USD,2026-04-30 01:00:00+00:00,2274.7900390625
ETH-USD,2026-04-30 01:30:00+00:00,2268.889892578125
ETH-USD,2026-04-30 02:00:00+00:00,2262.219970703125
ETH-USD,2026-04-30 02:30:00+00:00,2243.719970703125
ETH-USD,2026-04-30 03:00:00+00:00,2249.72998046875
ETH-USD,2026-04-30 03:30:00+00:00,2252.550048828125
ETH-USD,2026-04-30 04:00:00+00:00,2245.590087890625
ETH-USD,2026-04-30 04:30:00+00:00,2238.06005859375
ETH-USD,2026-04-30 05:00:00+00:00,2235.780029296875
ETH-USD,2026-04-30 05:30:00+00:00,2241.969970703125
ETH-USD,2026-04-30 06:00:00+00:00,2246.10009765625
ETH-USD,2026-04-30 06:30:00+00:00,2247.199951171875
ETH-USD,2026-04-30 07:00:00+00:00,2252.31005859375
ETH-USD,2026-04-30 07:30:00+00:00,2259.72998046875
ETH-USD,2026-04-30 08:00:00+00:00,2257.409912109375
ETH-USD,2026-04-30 08:30:00+00:00,2256.2099609375
ETH-USD,2026-04-30 09:00:00+00:00,2264.080078125
ETH-USD,2026-04-30 09:30:00+00:00,2261.4599609375
ETH-USD,2026-04-30 10:00:00+00:00,2256.0
ETH-USD,2026-04-30 10:30:00+00:00,2261.110107421875
ETH-USD,2026-04-30 11:00:00+00:00,2266.239990234375
ETH-USD,2026-04-30 11:30:00+00:00,2257.219970703125
ETH-USD,2026-04-30 12:00:00+00:00,2266.489990234375
ETH-USD,2026-04-30 12:30:00+00:00,2264.43994140625
ETH-USD,2026-04-30 13:00:00+00:00,2258.159912109375
ETH-USD,2026-04-30 13:30:00+00:00,2263.110107421875
ETH-USD,2026-04-30 14:00:00+00:00,2257.60009765625
ETH-USD,2026-04-30 14:30:00+00:00,2261.169921875
ETH-USD,2026-04-30 15:00:00+00:00,2266.949951171875
ETH-USD,2026-04-30 15:30:00+00:00,2265.1201171875
ETH-USD,2026-04-30 16:00:00+00:00,2261.2900390625
ETH-USD,2026-04-30 16:30:00+00:00,2256.010009765625
ETH-USD,2026-04-30 17:00:00+00:00,2254.47998046875
ETH-USD,2026-04-30 17:30:00+00:00,2257.1201171875
ETH-USD,2026-04-30 18:00:00+00:00,2254.969970703125
ETH-USD,2026-04-30 18:30:00+00:00,2259.699951171875
ETH-USD,2026-04-30 19:00:00+00:00,2264.9599609375
ETH-USD,2026-04-30 19:30:00+00:00,2261.610107421875
ETH-USD,2026-04-30 20:00:00+00:00,2264.929931640625
ETH-USD,2026-04-30 20:30:00+00:00,2263.5
ETH-USD,2026-04-30 21:00:00+00:00,2256.56005859375
ETH-USD,2026-04-30 21:30:00+00:00,2255.1298828125
ETH-USD,2026-04-30 22:00:00+00:00,2259.840087890625
ETH-USD,2026-04-30 22:30:00+00:00,2253.60009765625
ETH-USD,2026-04-30 23:00:00+00:00,2255.7900390625
ETH-USD,2026-04-30 23:30:00+00:00,2256.719970703125
ETH-USD,2026-05-01 00:00:00+00:00,2261.449951171875
ETH-USD,2026-05-01 00:30:00+00:00,2259.300048828125
ETH-USD,2026-05-01 01:00:00+00:00,2261.64990234375
ETH-USD,2026-05-01 01:30:00+00:00,2266.800048828125
ETH-USD,2026-05-01 02:00:00+00:00,2265.909912109375
ETH-USD,2026-05-01 02:30:00+00:00,2266.2900390625
ETH-USD,2026-05-01 03:00:00+00:00,2284.199951171875
ETH-USD,2026-05-01 03:30:00+00:00,2282.0
ETH-USD,2026-05-01 04:00:00+00:00,2278.9599609375
ETH-USD,2026-05-01 04:30:00+00:00,2279.340087890625
ETH-USD,2026-05-01 05:00:00+00:00,2281.2099609375
ETH-USD,2026-05-01 05:30:00+00:00,2282.639892578125
ETH-USD,2026-05-01 06:00:00+00:00,2283.840087890625
ETH-USD,2026-05-01 06:30:00+00:00,2277.0400390625
ETH-USD,2026-05-01 07:00:00+00:00,2273.669921875
ETH-USD,2026-05-01 07:30:00+00:00,2279.199951171875
ETH-USD,2026-05-01 08:00:00+00:00,2286.090087890625
ETH-USD,2026-05-01 08:30:00+00:00,2286.89990234375
ETH-USD,2026-05-01 09:00:00+00:00,2284.489990234375
ETH-USD,2026-05-01 09:30:00+00:00,2281.81005859375
ETH-USD,2026-05-01 10:00:00+00:00,2283.280029296875
ETH-USD,2026-05-01 10:30:00+00:00,2282.300048828125
ETH-USD,2026-05-01 11:00:00+00:00,2284.419921875
ETH-USD,2026-05-01 11:30:00+00:00,2286.330078125
ETH-USD,2026-05-01 12:00:00+00:00,2305.090087890625
ETH-USD,2026-05-01 12:30:00+00:00,2301.300048828125
ETH-USD,2026-05-01 13:00:00+00:00,2307.64990234375
ETH-USD,2026-05-01 13:30:00+00:00,2318.68994140625
ETH-USD,2026-05-01 14:00:00+00:00,2309.110107421875
ETH-USD,2026-05-01 14:30:00+00:00,2307.60009765625
ETH-USD,2026-05-01 15:00:00+00:00,2308.969970703125
ETH-USD,2026-05-01 15:30:00+00:00,2307.860107421875
ETH-USD,2026-05-01 16:00:00+00:00,2303.2900390625
ETH-USD,2026-05-01 16:30:00+00:00,2301.530029296875
ETH-USD,2026-05-01 17:00:00+00:00,2303.469970703125
ETH-USD,2026-05-01 17:30:00+00:00,2311.81005859375
ETH-USD,2026-05-01 18:00:00+00:00,2308.60009765625
ETH-USD,2026-05-01 18:30:00+00:00,2304.409912109375
ETH-USD,2026-05-01 19:00:00+00:00,2306.2099609375
ETH-USD,2026-05-01 19:30:00+00:00,2304.699951171875
ETH-USD,2026-05-01 20:00:00+00:00,2299.389892578125
ETH-USD,2026-05-01 20:30:00+00:00,2285.0
ETH-USD,2026-05-01 21:00:00+00:00,2290.199951171875
ETH-USD,2026-05-01 21:30:00+00:00,2292.6298828125
ETH-USD,2026-05-01 22:00:00+00:00,2297.06005859375
ETH-USD,2026-05-01 22:30:00+00:00,2293.389892578125
ETH-USD,2026-05-01 23:00:00+00:00,2289.300048828125
ETH-USD,2026-05-01 23:30:00+00:00,2295.5400390625
ETH-USD,2026-05-02 00:00:00+00:00,2295.7099609375
ETH-USD,2026-05-02 00:30:00+00:00,2297.489990234375
ETH-USD,2026-05-02 01:00:00+00:00,2297.43994140625
ETH-USD,2026-05-02 01:30:00+00:00,2298.699951171875
ETH-USD,2026-05-02 02:00:00+00:00,2295.330078125
ETH-USD,2026-05-02 02:30:00+00:00,2303.139892578125
ETH-USD,2026-05-02 03:00:00+00:00,2305.2099609375
ETH-USD,2026-05-02 03:30:00+00:00,2304.010009765625
ETH-USD,2026-05-02 04:00:00+00:00,2302.60009765625
ETH-USD,2026-05-02 04:30:00+00:00,2301.070068359375
ETH-USD,2026-05-02 05:00:00+00:00,2299.610107421875
ETH-USD,2026-05-02 05:30:00+00:00,2299.31005859375
ETH-USD,2026-05-02 06:00:00+00:00,2297.39990234375
ETH-USD,2026-05-02 06:30:00+00:00,2305.110107421875
ETH-USD,2026-05-02 07:00:00+00:00,2304.919921875
ETH-USD,2026-05-02 07:30:00+00:00,2300.610107421875
ETH-USD,2026-05-02 08:00:00+00:00,2302.320068359375
ETH-USD,2026-05-02 08:30:00+00:00,2303.239990234375
ETH-USD,2026-05-02 09:00:00+00:00,2304.97998046875
ETH-USD,2026-05-02 09:30:00+00:00,2304.89990234375
ETH-USD,2026-05-02 10:00:00+00:00,2304.3701171875
ETH-USD,2026-05-02 10:30:00+00:00,2303.31005859375
ETH-USD,2026-05-02 11:00:00+00:00,2304.110107421875
ETH-USD,2026-05-02 11:30:00+00:00,2301.989990234375
ETH-USD,2026-05-02 12:00:00+00:00,2304.739990234375
ETH-USD,2026-05-02 12:30:00+00:00,2303.300048828125
ETH-USD,2026-05-02 13:00:00+00:00,2307.590087890625
ETH-USD,2026-05-02 13:30:00+00:00,2307.9599609375
ETH-USD,2026-05-02 14:00:00+00:00,2306.159912109375
ETH-USD,2026-05-02 14:30:00+00:00,2306.39990234375
ETH-USD,2026-05-02 15:00:00+00:00,2306.199951171875
ETH-USD,2026-05-02 15:30:00+00:00,2308.969970703125
ETH-USD,2026-05-02 16:00:00+00:00,2308.719970703125
ETH-USD,2026-05-02 16:30:00+00:00,2309.300048828125
ETH-USD,2026-05-02 17:00:00+00:00,2307.300048828125
ETH-USD,2026-05-02 17:30:00+00:00,2305.7900390625
ETH-USD,2026-05-02 18:00:00+00:00,2308.989990234375
ETH-USD,2026-05-02 18:30:00+00:00,2309.6298828125
ETH-USD,2026-05-02 19:00:00+00:00,2310.77001953125
ETH-USD,2026-05-02 19:30:00+00:00,2310.68994140625
ETH-USD,2026-05-02 20:00:00+00:00,2310.5
ETH-USD,2026-05-02 20:30:00+00:00,2311.72998046875
ETH-USD,2026-05-02 21:00:00+00:00,2313.219970703125
ETH-USD,2026-05-02 21:30:00+00:00,2325.489990234375
ETH-USD,2026-05-02 22:00:00+00:00,2318.300048828125
ETH-USD,2026-05-02 22:30:00+00:00,2326.800048828125
ETH-USD,2026-05-02 23:00:00+00:00,2322.590087890625
ETH-USD,2026-05-02 23:30:00+00:00,2316.739990234375
ETH-USD,2026-05-03 00:00:00+00:00,2315.860107421875
ETH-USD,2026-05-03 00:30:00+00:00,2314.0
ETH-USD,2026-05-03 01:00:00+00:00,2307.300048828125
ETH-USD,2026-05-03 01:30:00+00:00,2303.81005859375
ETH-USD,2026-05-03 02:00:00+00:00,2299.260009765625
ETH-USD,2026-05-03 02:30:00+00:00,2303.080078125
ETH-USD,2026-05-03 03:00:00+00:00,2300.409912109375
ETH-USD,2026-05-03 03:30:00+00:00,2301.89990234375
ETH-USD,2026-05-03 04:00:00+00:00,2303.260009765625
ETH-USD,2026-05-03 04:30:00+00:00,2301.22998046875
ETH-USD,2026-05-03 05:00:00+00:00,2302.5400390625
ETH-USD,2026-05-03 05:30:00+00:00,2303.800048828125
ETH-USD,2026-05-03 06:00:00+00:00,2300.510009765625
ETH-USD,2026-05-03 06:30:00+00:00,2304.0
ETH-USD,2026-05-03 07:00:00+00:00,2310.7099609375
ETH-USD,2026-05-03 07:30:00+00:00,2309.260009765625
ETH-USD,2026-05-03 08:00:00+00:00,2308.330078125
ETH-USD,2026-05-03 08:30:00+00:00,2307.860107421875
ETH-USD,2026-05-03 09:00:00+00:00,2311.719970703125
ETH-USD,2026-05-03 09:30:00+00:00,2316.10009765625
ETH-USD,2026-05-03 10:00:00+00:00,2310.97998046875
ETH-USD,2026-05-03 10:30:00+00:00,2311.280029296875
ETH-USD,2026-05-03 11:00:00+00:00,2313.179931640625
ETH-USD,2026-05-03 11:30:00+00:00,2319.4599609375
ETH-USD,2026-05-03 12:00:00+00:00,2326.68994140625
ETH-USD,2026-05-03 12:30:00+00:00,2325.419921875
ETH-USD,2026-05-03 13:00:00+00:00,2324.60009765625
ETH-USD,2026-05-03 13:30:00+00:00,2321.6298828125
ETH-USD,2026-05-03 14:00:00+00:00,2324.1298828125
ETH-USD,2026-05-03 14:30:00+00:00,2328.31005859375
ETH-USD,2026-05-03 15:00:00+00:00,2331.0400390625
ETH-USD,2026-05-03 15:30:00+00:00,2327.830078125
ETH-USD,2026-05-03 16:00:00+00:00,2327.510009765625
ETH-USD,2026-05-03 16:30:00+00:00,2328.159912109375
ETH-USD,2026-05-03 17:00:00+00:00,2332.4599609375
ETH-USD,2026-05-03 17:30:00+00:00,2331.81005859375
ETH-USD,2026-05-03 18:00:00+00:00,2331.8798828125
ETH-USD,2026-05-03 18:30:00+00:00,2330.75
ETH-USD,2026-05-03 19:00:00+00:00,2328.409912109375
ETH-USD,2026-05-03 19:30:00+00:00,2335.679931640625
ETH-USD,2026-05-03 20:00:00+00:00,2335.18994140625
ETH-USD,2026-05-03 20:30:00+00:00,2329.679931640625
ETH-USD,2026-05-03 21:00:00+00:00,2330.0
ETH-USD,2026-05-03 21:30:00+00:00,2323.929931640625
ETH-USD,2026-05-03 22:00:00+00:00,2338.56005859375
ETH-USD,2026-05-03 22:30:00+00:00,2343.7099609375
ETH-USD,2026-05-03 23:00:00+00:00,2326.0
ETH-USD,2026-05-03 23:30:00+00:00,2322.5
ETH-USD,2026-05-04 00:00:00+00:00,2312.2900390625
ETH-USD,2026-05-04 00:30:00+00:00,2318.72998046875
ETH-USD,2026-05-04 01:00:00+00:00,2320.2900390625
ETH-USD,2026-05-04 01:30:00+00:00,2350.469970703125
ETH-USD,2026-05-04 02:00:00+00:00,2363.0
ETH-USD,2026-05-04 02:30:00+00:00,2374.389892578125
ETH-USD,2026-05-04 03:00:00+00:00,2380.0
ETH-USD,2026-05-04 03:30:00+00:00,2385.010009765625
ETH-USD,2026-05-04 04:00:00+00:00,2389.6298828125
ETH-USD,2026-05-04 04:30:00+00:00,2389.8798828125
ETH-USD,2026-05-04 05:00:00+00:00,2377.580078125
ETH-USD,2026-05-04 05:30:00+00:00,2375.8798828125
ETH-USD,2026-05-04 06:00:00+00:00,2361.9599609375
ETH-USD,2026-05-04 06:30:00+00:00,2367.739990234375
ETH-USD,2026-05-04 07:00:00+00:00,2368.77001953125
ETH-USD,2026-05-04 07:30:00+00:00,2362.090087890625
ETH-USD,2026-05-04 08:00:00+00:00,2359.989990234375
ETH-USD,2026-05-04 08:30:00+00:00,2359.5400390625
ETH-USD,2026-05-04 09:00:00+00:00,2361.610107421875
ETH-USD,2026-05-04 09:30:00+00:00,2368.239990234375
ETH-USD,2026-05-04 10:00:00+00:00,2322.60009765625
ETH-USD,2026-05-04 10:30:00+00:00,2338.260009765625
ETH-USD,2026-05-04 11:00:00+00:00,2336.97998046875
ETH-USD,2026-05-04 11:30:00+00:00,2337.3701171875
ETH-USD,2026-05-04 12:00:00+00:00,2340.699951171875
ETH-USD,2026-05-04 12:30:00+00:00,2336.719970703125
ETH-USD,2026-05-04 13:00:00+00:00,2338.800048828125
ETH-USD,2026-05-04 13:30:00+00:00,2336.39990234375
ETH-USD,2026-05-04 14:00:00+00:00,2346.610107421875
ETH-USD,2026-05-04 14:30:00+00:00,2371.389892578125
ETH-USD,2026-05-04 15:00:00+00:00,2347.800048828125
ETH-USD,2026-05-04 15:30:00+00:00,2349.85009765625
ETH-USD,2026-05-04 16:00:00+00:00,2358.050048828125
ETH-USD,2026-05-04 16:30:00+00:00,2355.1298828125
ETH-USD,2026-05-04 17:00:00+00:00,2367.47998046875
ETH-USD,2026-05-04 17:30:00+00:00,2370.27001953125
ETH-USD,2026-05-04 18:00:00+00:00,2363.530029296875
ETH-USD,2026-05-04 18:30:00+00:00,2361.5
ETH-USD,2026-05-04 19:00:00+00:00,2356.699951171875
ETH-USD,2026-05-04 19:30:00+00:00,2355.610107421875
ETH-USD,2026-05-04 20:00:00+00:00,2352.1201171875
ETH-USD,2026-05-04 20:30:00+00:00,2349.719970703125
ETH-USD,2026-05-04 21:00:00+00:00,2358.800048828125
ETH-USD,2026-05-04 21:30:00+00:00,2360.6298828125
ETH-USD,2026-05-04 22:00:00+00:00,2359.510009765625
ETH-USD,2026-05-04 22:30:00+00:00,2354.35009765625
ETH-USD,2026-05-04 23:00:00+00:00,2352.489990234375
ETH-USD,2026-05-04 23:30:00+00:00,2346.949951171875
ETH-USD,2026-05-05 00:00:00+00:00,2348.239990234375
ETH-USD,2026-05-05 00:30:00+00:00,2358.760009765625
ETH-USD,2026-05-05 01:00:00+00:00,2361.1298828125
ETH-USD,2026-05-05 01:30:00+00:00,2361.97998046875
ETH-USD,2026-05-05 02:00:00+00:00,2367.159912109375
ETH-USD,2026-05-05 02:30:00+00:00,2367.570068359375
ETH-USD,2026-05-05 03:00:00+00:00,2376.75
ETH-USD,2026-05-05 03:30:00+00:00,2382.489990234375
ETH-USD,2026-05-05 04:00:00+00:00,2380.090087890625
ETH-USD,2026-05-05 04:30:00+00:00,2380.949951171875
ETH-USD,2026-05-05 05:00:00+00:00,2384.97998046875
ETH-USD,2026-05-05 05:30:00+00:00,2379.989990234375
ETH-USD,2026-05-05 06:00:00+00:00,2370.85009765625
ETH-USD,2026-05-05 06:30:00+00:00,2378.909912109375
ETH-USD,2026-05-05 07:00:00+00:00,2383.1201171875
ETH-USD,2026-05-05 07:30:00+00:00,2380.610107421875
ETH-USD,2026-05-05 08:00:00+00:00,2378.639892578125
ETH-USD,2026-05-05 08:30:00+00:00,2376.580078125
ETH-USD,2026-05-05 09:00:00+00:00,2371.280029296875
ETH-USD,2026-05-05 09:30:00+00:00,2369.360107421875
ETH-USD,2026-05-05 10:00:00+00:00,2374.22998046875
ETH-USD,2026-05-05 10:30:00+00:00,2378.52001953125
ETH-USD,2026-05-05 11:00:00+00:00,2378.1201171875
ETH-USD,2026-05-05 11:30:00+00:00,2376.989990234375
ETH-USD,2026-05-06 00:00:00+00:00,2356.97998046875
ETH-USD,2026-05-06 00:30:00+00:00,2363.909912109375
ETH-USD,2026-05-06 01:00:00+00:00,2370.0
ETH-USD,2026-05-06 01:30:00+00:00,2372.949951171875
ETH-USD,2026-05-06 02:00:00+00:00,2362.919921875
ETH-USD,2026-05-06 02:30:00+00:00,2369.090087890625
ETH-USD,2026-05-06 03:00:00+00:00,2375.9599609375
ETH-USD,2026-05-06 03:30:00+00:00,2376.5
ETH-USD,2026-05-06 04:00:00+00:00,2372.6201171875
ETH-USD,2026-05-06 04:30:00+00:00,2366.110107421875
ETH-USD,2026-05-06 05:00:00+00:00,2364.56005859375
ETH-USD,2026-05-06 05:30:00+00:00,2364.6201171875
ETH-USD,2026-05-06 06:00:00+00:00,2365.06005859375
ETH-USD,2026-05-06 06:30:00+00:00,2370.02001953125
ETH-USD,2026-05-06 07:00:00+00:00,2373.81005859375
ETH-USD,2026-05-06 07:30:00+00:00,2371.4599609375
ETH-USD,2026-05-06 08:00:00+00:00,2377.449951171875
ETH-USD,2026-05-06 08:30:00+00:00,2394.360107421875
ETH-USD,2026-05-06 09:00:00+00:00,2390.300048828125
ETH-USD,2026-05-06 09:30:00+00:00,2412.949951171875
ETH-USD,2026-05-06 10:00:00+00:00,2411.47998046875
ETH-USD,2026-05-06 10:30:00+00:00,2410.429931640625
ETH-USD,2026-05-06 11:00:00+00:00,2415.39990234375
ETH-USD,2026-05-06 11:30:00+00:00,2410.780029296875
ETH-USD,2026-05-06 12:00:00+00:00,2409.909912109375
ETH-USD,2026-05-06 12:30:00+00:00,2405.10009765625
ETH-USD,2026-05-06 13:00:00+00:00,2382.8701171875
ETH-USD,2026-05-06 13:30:00+00:00,2368.18994140625
ETH-USD,2026-05-06 14:00:00+00:00,2362.570068359375
ETH-USD,2026-05-06 14:30:00+00:00,2359.35009765625
ETH-USD,2026-05-06 15:00:00+00:00,2359.419921875
ETH-USD,2026-05-06 15:30:00+00:00,2358.60009765625
ETH-USD,2026-05-06 16:00:00+00:00,2351.639892578125
ETH-USD,2026-05-06 16:30:00+00:00,2357.68994140625
ETH-USD,2026-05-06 17:00:00+00:00,2353.64990234375
ETH-USD,2026-05-06 17:30:00+00:00,2349.659912109375
ETH-USD,2026-05-06 18:00:00+00:00,2344.5
ETH-USD,2026-05-06 18:30:00+00:00,2344.8701171875
ETH-USD,2026-05-06 19:00:00+00:00,2344.47998046875
ETH-USD,2026-05-06 19:30:00+00:00,2348.010009765625
ETH-USD,2026-05-06 20:00:00+00:00,2352.39990234375
ETH-USD,2026-05-06 20:30:00+00:00,2350.72998046875
ETH-USD,2026-05-06 21:00:00+00:00,2351.239990234375
ETH-USD,2026-05-06 21:30:00+00:00,2355.580078125
ETH-USD,2026-05-06 22:00:00+00:00,2345.52001953125
ETH-USD,2026-05-06 22:30:00+00:00,2347.449951171875
ETH-USD,2026-05-06 23:00:00+00:00,2349.330078125
ETH-USD,2026-05-06 23:30:00+00:00,2350.659912109375
ETH-USD,2026-05-07 00:00:00+00:00,2344.919921875
ETH-USD,2026-05-07 00:30:00+00:00,2329.570068359375
ETH-USD,2026-05-07 01:00:00+00:00,2331.60009765625
ETH-USD,2026-05-07 01:30:00+00:00,2327.169921875
ETH-USD,2026-05-07 02:00:00+00:00,2317.590087890625
ETH-USD,2026-05-07 02:30:00+00:00,2321.8701171875
ETH-USD,2026-05-07 03:00:00+00:00,2319.889892578125
ETH-USD,2026-05-07 03:30:00+00:00,2321.929931640625
ETH-USD,2026-05-07 04:00:00+00:00,2326.070068359375
ETH-USD,2026-05-07 04:30:00+00:00,2327.280029296875
ETH-USD,2026-05-07 05:00:00+00:00,2331.7900390625
ETH-USD,2026-05-07 05:30:00+00:00,2331.0
ETH-USD,2026-05-07 06:00:00+00:00,2322.860107421875
ETH-USD,2026-05-07 06:30:00+00:00,2337.239990234375
ETH-USD,2026-05-07 07:00:00+00:00,2340.550048828125
ETH-USD,2026-05-07 07:30:00+00:00,2344.7099609375
ETH-USD,2026-05-07 08:00:00+00:00,2337.889892578125
ETH-USD,2026-05-07 08:30:00+00:00,2333.919921875
ETH-USD,2026-05-07 09:00:00+00:00,2331.110107421875
ETH-USD,2026-05-07 09:30:00+00:00,2328.469970703125
ETH-USD,2026-05-07 10:00:00+00:00,2317.9599609375
ETH-USD,2026-05-07 10:30:00+00:00,2326.7099609375
ETH-USD,2026-05-07 11:00:00+00:00,2327.610107421875
ETH-USD,2026-05-07 11:30:00+00:00,2329.889892578125
ETH-USD,2026-05-07 12:00:00+00:00,2333.0
ETH-USD,2026-05-07 12:30:00+00:00,2332.909912109375
ETH-USD,2026-05-07 13:00:00+00:00,2325.0
ETH-USD,2026-05-07 13:30:00+00:00,2313.919921875
ETH-USD,2026-05-07 14:00:00+00:00,2309.590087890625
ETH-USD,2026-05-07 14:30:00+00:00,2299.080078125
ETH-USD,2026-05-07 15:00:00+00:00,2290.199951171875
ETH-USD,2026-05-07 15:30:00+00:00,2293.89990234375
ETH-USD,2026-05-07 16:00:00+00:00,2297.199951171875
ETH-USD,2026-05-07 16:30:00+00:00,2291.510009765625
ETH-USD,2026-05-07 17:00:00+00:00,2287.6298828125
ETH-USD,2026-05-07 17:30:00+00:00,2300.260009765625
ETH-USD,2026-05-07 18:00:00+00:00,2299.280029296875
ETH-USD,2026-05-07 18:30:00+00:00,2296.409912109375
ETH-USD,2026-05-07 19:00:00+00:00,2290.22998046875
ETH-USD,2026-05-07 19:30:00+00:00,2295.800048828125
ETH-USD,2026-05-07 20:00:00+00:00,2294.340087890625
ETH-USD,2026-05-07 20:30:00+00:00,2289.090087890625
ETH-USD,2026-05-07 21:00:00+00:00,2293.300048828125
ETH-USD,2026-05-07 21:30:00+00:00,2287.89990234375
ETH-USD,2026-05-07 22:00:00+00:00,2285.919921875
ETH-USD,2026-05-07 22:30:00+00:00,2286.8798828125
ETH-USD,2026-05-07 23:00:00+00:00,2288.909912109375
ETH-USD,2026-05-07 23:30:00+00:00,2290.590087890625
ETH-USD,2026-05-08 00:00:00+00:00,2290.320068359375
ETH-USD,2026-05-08 00:30:00+00:00,2286.2099609375
ETH-USD,2026-05-08 01:00:00+00:00,2282.419921875
ETH-USD,2026-05-08 03:00:00+00:00,2277.76123046875
ETH-USD,2026-05-08 03:30:00+00:00,2279.376220703125
ETH-USD,2026-05-08 04:00:00+00:00,2282.1728515625
ETH-USD,2026-05-08 04:30:00+00:00,2281.435791015625
ETH-USD,2026-05-08 05:00:00+00:00,2279.90087890625
ETH-USD,2026-05-08 05:30:00+00:00,2278.616943359375
ETH-USD,2026-05-08 06:00:00+00:00,2275.79541015625
ETH-USD,2026-05-08 06:30:00+00:00,2273.814697265625
ETH-USD,2026-05-08 07:00:00+00:00,2267.5546875
ETH-USD,2026-05-08 07:30:00+00:00,2280.0400390625
ETH-USD,2026-05-08 08:00:00+00:00,2280.812744140625
ETH-USD,2026-05-08 08:30:00+00:00,2284.8818359375
ETH-USD,2026-05-08 09:00:00+00:00,2290.032958984375
ETH-USD,2026-05-08 09:30:00+00:00,2283.001708984375
ETH-USD,2026-05-08 10:00:00+00:00,2283.33544921875
ETH-USD,2026-05-08 10:30:00+00:00,2288.371337890625
ETH-USD,2026-05-08 11:00:00+00:00,2292.50146484375
ETH-USD,2026-05-08 11:30:00+00:00,2294.935791015625
ETH-USD,2026-05-08 12:00:00+00:00,2292.300048828125
ETH-USD,2026-05-08 12:30:00+00:00,2284.300048828125
ETH-USD,2026-05-08 13:00:00+00:00,2273.699951171875
ETH-USD,2026-05-08 13:30:00+00:00,2274.909912109375
ETH-USD,2026-05-08 14:00:00+00:00,2281.5
ETH-USD,2026-05-08 14:30:00+00:00,2285.3701171875
ETH-USD,2026-05-08 15:00:00+00:00,2276.89990234375
ETH-USD,2026-05-08 15:30:00+00:00,2292.60009765625
ETH-USD,2026-05-08 16:00:00+00:00,2289.580078125
ETH-USD,2026-05-08 16:30:00+00:00,2289.39990234375
ETH-USD,2026-05-08 17:00:00+00:00,2301.2900390625
ETH-USD,2026-05-08 17:30:00+00:00,2304.800048828125
ETH-USD,2026-05-08 18:00:00+00:00,2318.330078125
ETH-USD,2026-05-08 18:30:00+00:00,2313.580078125
ETH-USD,2026-05-08 19:00:00+00:00,2315.340087890625
ETH-USD,2026-05-08 19:30:00+00:00,2315.5
ETH-USD,2026-05-08 20:00:00+00:00,2312.18994140625
ETH-USD,2026-05-08 20:30:00+00:00,2306.590087890625
ETH-USD,2026-05-08 21:00:00+00:00,2308.18994140625
ETH-USD,2026-05-08 21:30:00+00:00,2314.219970703125
ETH-USD,2026-05-08 22:00:00+00:00,2313.14990234375
ETH-USD,2026-05-08 22:30:00+00:00,2310.929931640625
ETH-USD,2026-05-08 23:00:00+00:00,2307.72998046875
ETH-USD,2026-05-08 23:30:00+00:00,2307.239990234375
ETH-USD,2026-05-09 00:00:00+00:00,2308.419921875
ETH-USD,2026-05-09 00:30:00+00:00,2308.68994140625
ETH-USD,2026-05-09 01:00:00+00:00,2311.5
ETH-USD,2026-05-09 01:30:00+00:00,2314.580078125
ETH-USD,2026-05-09 02:00:00+00:00,2316.429931640625
ETH-USD,2026-05-09 02:30:00+00:00,2317.1201171875
ETH-USD,2026-05-09 03:00:00+00:00,2316.89990234375
ETH-USD,2026-05-09 03:30:00+00:00,2315.530029296875
ETH-USD,2026-05-09 04:00:00+00:00,2316.89990234375
ETH-USD,2026-05-09 04:30:00+00:00,2312.679931640625
ETH-USD,2026-05-09 05:00:00+00:00,2315.47998046875
ETH-USD,2026-05-09 05:30:00+00:00,2314.580078125
ETH-USD,2026-05-09 06:00:00+00:00,2316.929931640625
ETH-USD,2026-05-09 06:30:00+00:00,2314.22998046875
ETH-USD,2026-05-09 07:00:00+00:00,2316.02001953125
ETH-USD,2026-05-09 07:30:00+00:00,2314.52001953125
ETH-USD,2026-05-09 08:00:00+00:00,2318.77001953125
ETH-USD,2026-05-09 08:30:00+00:00,2316.929931640625
ETH-USD,2026-05-09 09:00:00+00:00,2313.050048828125
ETH-USD,2026-05-09 09:30:00+00:00,2313.1298828125
ETH-USD,2026-05-09 10:00:00+00:00,2311.449951171875
ETH-USD,2026-05-09 10:30:00+00:00,2312.27001953125
ETH-USD,2026-05-09 11:00:00+00:00,2314.929931640625
ETH-USD,2026-05-09 11:30:00+00:00,2314.330078125
ETH-USD,2026-05-09 12:00:00+00:00,2316.489990234375
ETH-USD,2026-05-09 12:30:00+00:00,2316.219970703125
ETH-USD,2026-05-09 13:00:00+00:00,2313.9599609375
ETH-USD,2026-05-09 13:30:00+00:00,2314.27001953125
ETH-USD,2026-05-09 14:00:00+00:00,2307.719970703125
ETH-USD,2026-05-09 14:30:00+00:00,2307.81005859375
ETH-USD,2026-05-09 15:00:00+00:00,2310.610107421875
ETH-USD,2026-05-09 15:30:00+00:00,2317.360107421875
ETH-USD,2026-05-09 16:00:00+00:00,2319.72998046875
ETH-USD,2026-05-09 16:30:00+00:00,2319.800048828125
ETH-USD,2026-05-09 17:00:00+00:00,2331.68994140625
ETH-USD,2026-05-09 17:30:00+00:00,2329.449951171875
ETH-USD,2026-05-09 18:00:00+00:00,2336.550048828125
ETH-USD,2026-05-09 18:30:00+00:00,2329.919921875
ETH-USD,2026-05-09 19:00:00+00:00,2328.530029296875
ETH-USD,2026-05-09 19:30:00+00:00,2331.949951171875
ETH-USD,2026-05-09 20:00:00+00:00,2328.739990234375
ETH-USD,2026-05-09 20:30:00+00:00,2329.090087890625
ETH-USD,2026-05-09 21:00:00+00:00,2330.60009765625
ETH-USD,2026-05-09 21:30:00+00:00,2330.8701171875
ETH-USD,2026-05-09 22:00:00+00:00,2330.89990234375
ETH-USD,2026-05-09 22:30:00+00:00,2329.780029296875
ETH-USD,2026-05-09 23:00:00+00:00,2325.780029296875
ETH-USD,2026-05-09 23:30:00+00:00,2326.159912109375
ETH-USD,2026-05-10 00:00:00+00:00,2327.280029296875
ETH-USD,2026-05-10 00:30:00+00:00,2323.7099609375
ETH-USD,2026-05-10 01:00:00+00:00,2319.7900390625
ETH-USD,2026-05-10 01:30:00+00:00,2323.3798828125
ETH-USD,2026-05-10 02:00:00+00:00,2325.610107421875
ETH-USD,2026-05-10 02:30:00+00:00,2327.02001953125
ETH-USD,2026-05-10 03:00:00+00:00,2325.72998046875
ETH-USD,2026-05-10 03:30:00+00:00,2327.409912109375
ETH-USD,2026-05-10 04:00:00+00:00,2328.800048828125
ETH-USD,2026-05-10 04:30:00+00:00,2328.0
ETH-USD,2026-05-10 05:00:00+00:00,2328.60009765625
ETH-USD,2026-05-10 05:30:00+00:00,2327.050048828125
ETH-USD,2026-05-10 06:00:00+00:00,2326.43994140625
ETH-USD,2026-05-10 06:30:00+00:00,2329.080078125
ETH-USD,2026-05-10 07:00:00+00:00,2329.340087890625
ETH-USD,2026-05-10 07:30:00+00:00,2327.1298828125
ETH-USD,2026-05-10 08:00:00+00:00,2330.0400390625
ETH-USD,2026-05-10 08:30:00+00:00,2329.679931640625
ETH-USD,2026-05-10 09:00:00+00:00,2329.0
ETH-USD,2026-05-10 09:30:00+00:00,2327.820068359375
ETH-USD,2026-05-10 10:00:00+00:00,2325.969970703125
ETH-USD,2026-05-10 10:30:00+00:00,2325.02001953125
ETH-USD,2026-05-10 11:00:00+00:00,2321.52001953125
ETH-USD,2026-05-10 11:30:00+00:00,2322.469970703125
ETH-USD,2026-05-10 12:00:00+00:00,2324.159912109375
ETH-USD,2026-05-10 12:30:00+00:00,2324.219970703125
ETH-USD,2026-05-10 13:00:00+00:00,2329.570068359375
ETH-USD,2026-05-10 13:30:00+00:00,2329.89990234375
ETH-USD,2026-05-10 14:00:00+00:00,2327.469970703125
ETH-USD,2026-05-10 14:30:00+00:00,2330.969970703125
ETH-USD,2026-05-10 15:00:00+00:00,2334.5
ETH-USD,2026-05-10 15:30:00+00:00,2347.389892578125
ETH-USD,2026-05-10 16:00:00+00:00,2345.169921875
ETH-USD,2026-05-10 16:30:00+00:00,2349.820068359375
ETH-USD,2026-05-10 17:00:00+00:00,2355.5
ETH-USD,2026-05-10 17:30:00+00:00,2363.9599609375
ETH-USD,2026-05-10 18:00:00+00:00,2361.830078125
ETH-USD,2026-05-10 18:30:00+00:00,2358.64990234375
ETH-USD,2026-05-10 19:00:00+00:00,2366.489990234375
ETH-USD,2026-05-10 19:30:00+00:00,2365.85009765625
ETH-USD,2026-05-10 20:00:00+00:00,2353.330078125
ETH-USD,2026-05-10 20:30:00+00:00,2328.679931640625
ETH-USD,2026-05-10 21:00:00+00:00,2334.7099609375
ETH-USD,2026-05-10 21:30:00+00:00,2330.77001953125
ETH-USD,2026-05-10 22:00:00+00:00,2355.02001953125
ETH-USD,2026-05-10 22:30:00+00:00,2373.590087890625
ETH-USD,2026-05-10 23:00:00+00:00,2374.260009765625
ETH-USD,2026-05-10 23:30:00+00:00,2371.1201171875
ETH-USD,2026-05-11 00:00:00+00:00,2356.010009765625
ETH-USD,2026-05-11 00:30:00+00:00,2352.7099609375
ETH-USD,2026-05-11 01:00:00+00:00,2361.85009765625
ETH-USD,2026-05-11 01:30:00+00:00,2358.3701171875
ETH-USD,2026-05-11 02:00:00+00:00,2350.2099609375
ETH-USD,2026-05-11 02:30:00+00:00,2344.68994140625
ETH-USD,2026-05-11 03:00:00+00:00,2324.780029296875
ETH-USD,2026-05-11 03:30:00+00:00,2329.889892578125
ETH-USD,2026-05-11 04:00:00+00:00,2331.199951171875
ETH-USD,2026-05-11 04:30:00+00:00,2332.510009765625
ETH-USD,2026-05-11 05:00:00+00:00,2337.0400390625
ETH-USD,2026-05-11 05:30:00+00:00,2334.39990234375
ETH-USD,2026-05-11 06:00:00+00:00,2338.93994140625
ETH-USD,2026-05-11 06:30:00+00:00,2333.280029296875
ETH-USD,2026-05-11 07:00:00+00:00,2329.7900390625
ETH-USD,2026-05-11 07:30:00+00:00,2329.81005859375
ETH-USD,2026-05-11 08:00:00+00:00,2327.389892578125
ETH-USD,2026-05-11 08:30:00+00:00,2329.830078125
ETH-USD,2026-05-11 09:00:00+00:00,2335.22998046875
ETH-USD,2026-05-11 09:30:00+00:00,2335.199951171875
ETH-USD,2026-05-11 10:00:00+00:00,2336.89990234375
ETH-USD,2026-05-11 10:30:00+00:00,2329.300048828125
ETH-USD,2026-05-11 11:00:00+00:00,2332.8798828125
ETH-USD,2026-05-11 11:30:00+00:00,2335.260009765625
ETH-USD,2026-05-11 12:00:00+00:00,2336.81005859375
ETH-USD,2026-05-11 12:30:00+00:00,2328.39990234375
ETH-USD,2026-05-11 13:00:00+00:00,2326.550048828125
ETH-USD,2026-05-11 13:30:00+00:00,2321.0
ETH-USD,2026-05-11 14:00:00+00:00,2312.050048828125
ETH-USD,2026-05-11 14:30:00+00:00,2315.3701171875
ETH-USD,2026-05-11 15:00:00+00:00,2332.610107421875
ETH-USD,2026-05-11 15:30:00+00:00,2333.0400390625
ETH-USD,2026-05-11 16:00:00+00:00,2336.6201171875
ETH-USD,2026-05-11 16:30:00+00:00,2329.320068359375
ETH-USD,2026-05-11 17:00:00+00:00,2329.0
ETH-USD,2026-05-11 17:30:00+00:00,2336.5400390625
ETH-USD,2026-05-11 18:00:00+00:00,2340.909912109375
ETH-USD,2026-05-11 18:30:00+00:00,2334.93994140625
ETH-USD,2026-05-11 19:00:00+00:00,2336.830078125
ETH-USD,2026-05-11 19:30:00+00:00,2339.820068359375
ETH-USD,2026-05-11 20:00:00+00:00,2338.1201171875
ETH-USD,2026-05-11 20:30:00+00:00,2337.659912109375
ETH-USD,2026-05-11 21:00:00+00:00,2336.72998046875
ETH-USD,2026-05-11 21:30:00+00:00,2340.260009765625
ETH-USD,2026-05-11 22:00:00+00:00,2338.2900390625
ETH-USD,2026-05-11 22:30:00+00:00,2340.820068359375
ETH-USD,2026-05-11 23:00:00+00:00,2335.75
ETH-USD,2026-05-11 23:30:00+00:00,2339.389892578125
ETH-USD,2026-05-12 00:00:00+00:00,2334.469970703125
ETH-USD,2026-05-12 00:30:00+00:00,2333.0400390625
ETH-USD,2026-05-12 01:00:00+00:00,2323.22998046875
ETH-USD,2026-05-12 01:30:00+00:00,2310.659912109375
ETH-USD,2026-05-12 02:00:00+00:00,2314.239990234375
ETH-USD,2026-05-12 02:30:00+00:00,2315.139892578125
ETH-USD,2026-05-12 03:00:00+00:00,2311.2099609375
ETH-USD,2026-05-12 03:30:00+00:00,2308.889892578125
ETH-USD,2026-05-12 04:00:00+00:00,2311.2099609375
ETH-USD,2026-05-12 04:30:00+00:00,2310.22998046875
ETH-USD,2026-05-12 05:00:00+00:00,2312.4599609375
ETH-USD,2026-05-12 05:30:00+00:00,2309.64990234375
ETH-USD,2026-05-12 06:00:00+00:00,2309.659912109375
ETH-USD,2026-05-12 06:30:00+00:00,2303.0400390625
ETH-USD,2026-05-12 07:00:00+00:00,2300.0400390625
ETH-USD,2026-05-12 07:30:00+00:00,2294.75
ETH-USD,2026-05-12 08:00:00+00:00,2286.679931640625
ETH-USD,2026-05-12 08:30:00+00:00,2287.25
ETH-USD,2026-05-12 09:00:00+00:00,2284.340087890625
ETH-USD,2026-05-12 09:30:00+00:00,2291.9599609375
ETH-USD,2026-05-12 10:00:00+00:00,2288.409912109375
ETH-USD,2026-05-12 10:30:00+00:00,2285.39990234375
ETH-USD,2026-05-12 11:00:00+00:00,2282.6201171875
ETH-USD,2026-05-12 11:30:00+00:00,2286.159912109375
ETH-USD,2026-05-12 12:00:00+00:00,2290.330078125
ETH-USD,2026-05-12 12:30:00+00:00,2288.389892578125
ETH-USD,2026-05-12 13:00:00+00:00,2284.110107421875
ETH-USD,2026-05-12 13:30:00+00:00,2270.39990234375
ETH-USD,2026-05-12 14:00:00+00:00,2272.989990234375
ETH-USD,2026-05-12 14:30:00+00:00,2268.35009765625
ETH-USD,2026-05-12 15:00:00+00:00,2258.840087890625
ETH-USD,2026-05-12 15:30:00+00:00,2260.60009765625
ETH-USD,2026-05-12 16:00:00+00:00,2266.820068359375
ETH-USD,2026-05-12 16:30:00+00:00,2263.070068359375
ETH-USD,2026-05-12 17:00:00+00:00,2274.570068359375
ETH-USD,2026-05-12 17:30:00+00:00,2276.27001953125
ETH-USD,2026-05-12 18:00:00+00:00,2277.050048828125
ETH-USD,2026-05-12 18:30:00+00:00,2278.800048828125
ETH-USD,2026-05-12 19:00:00+00:00,2281.699951171875
ETH-USD,2026-05-12 19:30:00+00:00,2284.760009765625
ETH-USD,2026-05-12 20:00:00+00:00,2285.010009765625
ETH-USD,2026-05-12 20:30:00+00:00,2284.8798828125
ETH-USD,2026-05-12 21:00:00+00:00,2286.320068359375
ETH-USD,2026-05-12 21:30:00+00:00,2285.10009765625
ETH-USD,2026-05-12 22:00:00+00:00,2285.77001953125
ETH-USD,2026-05-12 22:30:00+00:00,2282.110107421875
ETH-USD,2026-05-12 23:00:00+00:00,2282.719970703125
ETH-USD,2026-05-12 23:30:00+00:00,2274.429931640625
ETH-USD,2026-05-13 00:00:00+00:00,2282.909912109375
ETH-USD,2026-05-13 00:30:00+00:00,2281.110107421875
ETH-USD,2026-05-13 01:00:00+00:00,2291.360107421875
ETH-USD,2026-05-13 01:30:00+00:00,2289.6298828125
ETH-USD,2026-05-13 02:00:00+00:00,2294.6298828125
ETH-USD,2026-05-13 02:30:00+00:00,2293.489990234375
ETH-USD,2026-05-13 03:00:00+00:00,2297.360107421875
ETH-USD,2026-05-13 03:30:00+00:00,2301.43994140625
ETH-USD,2026-05-13 04:00:00+00:00,2300.9599609375
ETH-USD,2026-05-13 04:30:00+00:00,2306.4599609375
ETH-USD,2026-05-13 05:00:00+00:00,2301.530029296875
ETH-USD,2026-05-13 05:30:00+00:00,2297.239990234375
ETH-USD,2026-05-13 06:00:00+00:00,2303.080078125
ETH-USD,2026-05-13 06:30:00+00:00,2301.1201171875
ETH-USD,2026-05-13 07:00:00+00:00,2298.050048828125
ETH-USD,2026-05-13 07:30:00+00:00,2300.610107421875
ETH-USD,2026-05-13 08:00:00+00:00,2302.43994140625
ETH-USD,2026-05-13 08:30:00+00:00,2316.419921875
ETH-USD,2026-05-13 09:00:00+00:00,2317.81005859375
ETH-USD,2026-05-13 09:30:00+00:00,2320.39990234375
ETH-USD,2026-05-13 10:00:00+00:00,2308.949951171875
ETH-USD,2026-05-13 10:30:00+00:00,2307.719970703125
ETH-USD,2026-05-13 11:00:00+00:00,2300.39990234375
ETH-USD,2026-05-13 11:30:00+00:00,2300.8798828125
ETH-USD,2026-05-13 12:00:00+00:00,2297.39990234375
ETH-USD,2026-05-13 12:30:00+00:00,2283.5
ETH-USD,2026-05-13 13:00:00+00:00,2279.199951171875
ETH-USD,2026-05-13 13:30:00+00:00,2261.080078125
ETH-USD,2026-05-13 14:00:00+00:00,2266.97998046875
ETH-USD,2026-05-13 14:30:00+00:00,2266.469970703125
ETH-USD,2026-05-13 15:00:00+00:00,2252.360107421875
ETH-USD,2026-05-13 15:30:00+00:00,2235.219970703125
ETH-USD,2026-05-13 16:00:00+00:00,2248.159912109375
ETH-USD,2026-05-13 16:30:00+00:00,2249.3798828125
ETH-USD,2026-05-13 17:00:00+00:00,2256.110107421875
ETH-USD,2026-05-13 17:30:00+00:00,2257.409912109375
ETH-USD,2026-05-13 18:00:00+00:00,2264.64990234375
ETH-USD,2026-05-13 18:30:00+00:00,2258.4599609375
ETH-USD,2026-05-13 19:00:00+00:00,2252.989990234375
ETH-USD,2026-05-13 19:30:00+00:00,2255.02001953125
ETH-USD,2026-05-13 20:00:00+00:00,2259.050048828125
ETH-USD,2026-05-13 20:30:00+00:00,2262.6201171875
ETH-USD,2026-05-13 21:00:00+00:00,2254.39990234375
ETH-USD,2026-05-13 21:30:00+00:00,2255.0
ETH-USD,2026-05-13 22:00:00+00:00,2253.179931640625
ETH-USD,2026-05-13 22:30:00+00:00,2258.35009765625
ETH-USD,2026-05-13 23:00:00+00:00,2256.39990234375
ETH-USD,2026-05-13 23:30:00+00:00,2257.85009765625
ETH-USD,2026-05-14 00:00:00+00:00,2262.93994140625
ETH-USD,2026-05-14 00:30:00+00:00,2265.7099609375
ETH-USD,2026-05-14 01:00:00+00:00,2261.3798828125
ETH-USD,2026-05-14 01:30:00+00:00,2263.89990234375
ETH-USD,2026-05-14 02:00:00+00:00,2262.580078125
ETH-USD,2026-05-14 02:30:00+00:00,2250.580078125
ETH-USD,2026-05-14 03:00:00+00:00,2249.27001953125
ETH-USD,2026-05-14 03:30:00+00:00,2240.929931640625
ETH-USD,2026-05-14 04:00:00+00:00,2250.60009765625
ETH-USD,2026-05-14 04:30:00+00:00,2255.56005859375
ETH-USD,2026-05-14 05:00:00+00:00,2260.31005859375
ETH-USD,2026-05-14 05:30:00+00:00,2267.280029296875
ETH-USD,2026-05-14 06:00:00+00:00,2269.199951171875
ETH-USD,2026-05-14 06:30:00+00:00,2266.739990234375
ETH-USD,2026-05-14 07:00:00+00:00,2265.5
ETH-USD,2026-05-14 07:30:00+00:00,2264.570068359375
ETH-USD,2026-05-14 08:00:00+00:00,2265.580078125
ETH-USD,2026-05-14 08:30:00+00:00,2265.6201171875
ETH-USD,2026-05-14 09:00:00+00:00,2260.3701171875
ETH-USD,2026-05-14 09:30:00+00:00,2256.60009765625
ETH-USD,2026-05-14 10:00:00+00:00,2262.7900390625
ETH-USD,2026-05-14 10:30:00+00:00,2261.1201171875
ETH-USD,2026-05-14 11:00:00+00:00,2255.8701171875
ETH-USD,2026-05-14 11:30:00+00:00,2252.7099609375
ETH-USD,2026-05-14 12:00:00+00:00,2252.93994140625
ETH-USD,2026-05-14 12:30:00+00:00,2260.570068359375
ETH-USD,2026-05-14 13:00:00+00:00,2260.659912109375
ETH-USD,2026-05-14 13:30:00+00:00,2248.489990234375
ETH-USD,2026-05-14 14:00:00+00:00,2264.030029296875
ETH-USD,2026-05-14 14:30:00+00:00,2286.27001953125
ETH-USD,2026-05-14 15:00:00+00:00,2287.929931640625
ETH-USD,2026-05-14 15:30:00+00:00,2298.219970703125
ETH-USD,2026-05-14 16:00:00+00:00,2306.52001953125
ETH-USD,2026-05-14 16:30:00+00:00,2316.580078125
ETH-USD,2026-05-14 17:00:00+00:00,2298.60009765625
ETH-USD,2026-05-14 17:30:00+00:00,2308.510009765625
ETH-USD,2026-05-14 18:00:00+00:00,2314.919921875
ETH-USD,2026-05-14 18:30:00+00:00,2309.860107421875
ETH-USD,2026-05-14 19:00:00+00:00,2298.0400390625
ETH-USD,2026-05-14 19:30:00+00:00,2297.7900390625
ETH-USD,2026-05-14 20:00:00+00:00,2290.590087890625
ETH-USD,2026-05-14 20:30:00+00:00,2297.610107421875
ETH-USD,2026-05-14 21:00:00+00:00,2294.89990234375
ETH-USD,2026-05-14 21:30:00+00:00,2296.929931640625
ETH-USD,2026-05-14 22:00:00+00:00,2296.030029296875
ETH-USD,2026-05-14 22:30:00+00:00,2297.919921875
ETH-USD,2026-05-14 23:00:00+00:00,2295.6298828125
ETH-USD,2026-05-14 23:30:00+00:00,2283.080078125
ETH-USD,2026-05-15 00:00:00+00:00,2292.820068359375
ETH-USD,2026-05-15 00:30:00+00:00,2290.7900390625
ETH-USD,2026-05-15 01:00:00+00:00,2286.300048828125
ETH-USD,2026-05-15 01:30:00+00:00,2274.81005859375
ETH-USD,2026-05-15 02:00:00+00:00,2264.320068359375
ETH-USD,2026-05-15 02:30:00+00:00,2276.050048828125
ETH-USD,2026-05-15 03:00:00+00:00,2276.14990234375
ETH-USD,2026-05-15 03:30:00+00:00,2272.659912109375
ETH-USD,2026-05-15 04:00:00+00:00,2267.760009765625
ETH-USD,2026-05-15 04:30:00+00:00,2262.360107421875
ETH-USD,2026-05-15 05:00:00+00:00,2263.360107421875
ETH-USD,2026-05-15 05:30:00+00:00,2245.31005859375
ETH-USD,2026-05-15 06:00:00+00:00,2252.610107421875
ETH-USD,2026-05-15 06:30:00+00:00,2254.60009765625
ETH-USD,2026-05-15 07:00:00+00:00,2266.590087890625
ETH-USD,2026-05-15 07:30:00+00:00,2264.43994140625
ETH-USD,2026-05-15 08:00:00+00:00,2253.43994140625
ETH-USD,2026-05-15 08:30:00+00:00,2256.659912109375
ETH-USD,2026-05-15 09:00:00+00:00,2257.25
ETH-USD,2026-05-15 09:30:00+00:00,2254.070068359375
ETH-USD,2026-05-15 10:00:00+00:00,2254.0400390625
ETH-USD,2026-05-15 10:30:00+00:00,2261.840087890625
ETH-USD,2026-05-15 11:00:00+00:00,2259.3798828125
ETH-USD,2026-05-15 11:30:00+00:00,2256.64990234375
ETH-USD,2026-05-15 12:00:00+00:00,2258.139892578125
ETH-USD,2026-05-15 12:30:00+00:00,2253.699951171875
ETH-USD,2026-05-15 13:00:00+00:00,2246.52001953125
ETH-USD,2026-05-15 13:30:00+00:00,2211.52001953125
ETH-USD,2026-05-15 14:00:00+00:00,2212.10009765625
ETH-USD,2026-05-15 14:30:00+00:00,2212.2900390625
ETH-USD,2026-05-15 15:00:00+00:00,2214.179931640625
ETH-USD,2026-05-15 15:30:00+00:00,2221.679931640625
ETH-USD,2026-05-15 16:00:00+00:00,2227.0400390625
ETH-USD,2026-05-15 16:30:00+00:00,2223.64990234375
ETH-USD,2026-05-15 17:00:00+00:00,2226.409912109375
ETH-USD,2026-05-15 17:30:00+00:00,2228.31005859375
ETH-USD,2026-05-15 18:00:00+00:00,2227.889892578125
ETH-USD,2026-05-15 18:30:00+00:00,2226.7900390625
ETH-USD,2026-05-15 19:00:00+00:00,2223.6201171875
ETH-USD,2026-05-15 19:30:00+00:00,2221.889892578125
ETH-USD,2026-05-15 20:00:00+00:00,2224.090087890625
ETH-USD,2026-05-15 20:30:00+00:00,2218.889892578125
ETH-USD,2026-05-15 21:00:00+00:00,2219.39990234375
ETH-USD,2026-05-15 21:30:00+00:00,2215.60009765625
ETH-USD,2026-05-15 22:00:00+00:00,2219.360107421875
ETH-USD,2026-05-15 22:30:00+00:00,2222.35009765625
ETH-USD,2026-05-15 23:00:00+00:00,2223.219970703125
ETH-USD,2026-05-15 23:30:00+00:00,2223.0
ETH-USD,2026-05-16 00:00:00+00:00,2228.989990234375
ETH-USD,2026-05-16 00:30:00+00:00,2225.550048828125
ETH-USD,2026-05-16 01:00:00+00:00,2222.610107421875
ETH-USD,2026-05-16 01:30:00+00:00,2228.010009765625
ETH-USD,2026-05-16 02:00:00+00:00,2227.169921875
ETH-USD,2026-05-16 02:30:00+00:00,2228.260009765625
ETH-USD,2026-05-16 03:00:00+00:00,2228.89990234375
ETH-USD,2026-05-16 03:30:00+00:00,2226.77001953125
ETH-USD,2026-05-16 04:00:00+00:00,2223.85009765625
ETH-USD,2026-05-16 04:30:00+00:00,2224.510009765625
ETH-USD,2026-05-16 05:00:00+00:00,2225.340087890625
ETH-USD,2026-05-16 05:30:00+00:00,2224.360107421875
ETH-USD,2026-05-16 06:00:00+00:00,2218.780029296875
ETH-USD,2026-05-16 06:30:00+00:00,2214.159912109375
ETH-USD,2026-05-16 07:00:00+00:00,2191.919921875
ETH-USD,2026-05-16 07:30:00+00:00,2193.669921875
ETH-USD,2026-05-16 08:00:00+00:00,2194.159912109375
ETH-USD,2026-05-16 08:30:00+00:00,2192.1298828125
ETH-USD,2026-05-16 09:00:00+00:00,2169.39990234375
ETH-USD,2026-05-16 09:30:00+00:00,2172.550048828125
ETH-USD,2026-05-16 10:00:00+00:00,2166.2099609375
ETH-USD,2026-05-16 10:30:00+00:00,2173.1298828125
ETH-USD,2026-05-16 11:00:00+00:00,2177.679931640625
ETH-USD,2026-05-16 11:30:00+00:00,2175.14990234375
ETH-USD,2026-05-16 12:00:00+00:00,2175.1298828125
ETH-USD,2026-05-16 12:30:00+00:00,2175.3701171875
ETH-USD,2026-05-16 13:00:00+00:00,2176.02001953125
ETH-USD,2026-05-16 13:30:00+00:00,2176.1298828125
ETH-USD,2026-05-16 14:00:00+00:00,2175.8701171875
ETH-USD,2026-05-16 14:30:00+00:00,2179.030029296875
ETH-USD,2026-05-16 15:00:00+00:00,2177.0
ETH-USD,2026-05-16 15:30:00+00:00,2178.89990234375
ETH-USD,2026-05-16 16:00:00+00:00,2176.6298828125
ETH-USD,2026-05-16 16:30:00+00:00,2173.43994140625
ETH-USD,2026-05-16 17:00:00+00:00,2177.889892578125
ETH-USD,2026-05-16 17:30:00+00:00,2177.97998046875
ETH-USD,2026-05-16 18:00:00+00:00,2177.2900390625
ETH-USD,2026-05-16 18:30:00+00:00,2180.360107421875
ETH-USD,2026-05-16 19:00:00+00:00,2180.10009765625
ETH-USD,2026-05-16 19:30:00+00:00,2178.780029296875
ETH-USD,2026-05-16 20:00:00+00:00,2180.929931640625
ETH-USD,2026-05-16 20:30:00+00:00,2180.360107421875
ETH-USD,2026-05-16 21:00:00+00:00,2180.5
ETH-USD,2026-05-16 21:30:00+00:00,2181.5400390625
ETH-USD,2026-05-16 22:00:00+00:00,2181.2900390625
ETH-USD,2026-05-16 22:30:00+00:00,2179.409912109375
ETH-USD,2026-05-16 23:00:00+00:00,2181.0400390625
ETH-USD,2026-05-16 23:30:00+00:00,2179.9599609375
ETH-USD,2026-05-17 00:00:00+00:00,2182.89990234375
ETH-USD,2026-05-17 00:30:00+00:00,2176.449951171875
ETH-USD,2026-05-17 01:00:00+00:00,2176.75
ETH-USD,2026-05-17 01:30:00+00:00,2168.60009765625
ETH-USD,2026-05-17 02:00:00+00:00,2173.85009765625
ETH-USD,2026-05-17 02:30:00+00:00,2173.27001953125
ETH-USD,2026-05-17 03:00:00+00:00,2177.35009765625
ETH-USD,2026-05-17 03:30:00+00:00,2180.4599609375
ETH-USD,2026-05-17 04:00:00+00:00,2184.739990234375
ETH-USD,2026-05-17 04:30:00+00:00,2186.25
ETH-USD,2026-05-17 05:00:00+00:00,2187.3701171875
ETH-USD,2026-05-17 05:30:00+00:00,2185.090087890625
ETH-USD,2026-05-17 06:00:00+00:00,2183.429931640625
ETH-USD,2026-05-17 06:30:00+00:00,2184.179931640625
ETH-USD,2026-05-17 07:00:00+00:00,2183.85009765625
ETH-USD,2026-05-17 07:30:00+00:00,2185.739990234375
ETH-USD,2026-05-17 08:00:00+00:00,2183.7099609375
ETH-USD,2026-05-17 08:30:00+00:00,2185.169921875
ETH-USD,2026-05-17 09:00:00+00:00,2188.360107421875
ETH-USD,2026-05-17 09:30:00+00:00,2189.330078125
ETH-USD,2026-05-17 10:00:00+00:00,2194.889892578125
ETH-USD,2026-05-17 10:30:00+00:00,2193.3798828125
ETH-USD,2026-05-17 11:00:00+00:00,2187.969970703125
ETH-USD,2026-05-17 11:30:00+00:00,2191.199951171875
ETH-USD,2026-05-17 12:00:00+00:00,2193.260009765625
ETH-USD,2026-05-17 12:30:00+00:00,2193.760009765625
ETH-USD,2026-05-17 13:00:00+00:00,2191.27001953125
ETH-USD,2026-05-17 13:30:00+00:00,2191.31005859375
ETH-USD,2026-05-17 14:00:00+00:00,2186.47998046875
ETH-USD,2026-05-17 14:30:00+00:00,2185.719970703125
ETH-USD,2026-05-17 15:00:00+00:00,2182.340087890625
ETH-USD,2026-05-17 15:30:00+00:00,2185.409912109375
ETH-USD,2026-05-17 16:00:00+00:00,2185.820068359375
ETH-USD,2026-05-17 16:30:00+00:00,2181.489990234375
ETH-USD,2026-05-17 17:00:00+00:00,2178.8701171875
ETH-USD,2026-05-17 17:30:00+00:00,2182.77001953125
ETH-USD,2026-05-17 18:00:00+00:00,2182.989990234375
ETH-USD,2026-05-17 18:30:00+00:00,2187.360107421875
ETH-USD,2026-05-17 19:00:00+00:00,2187.929931640625
ETH-USD,2026-05-17 19:30:00+00:00,2191.659912109375
ETH-USD,2026-05-17 20:00:00+00:00,2188.050048828125
ETH-USD,2026-05-17 20:30:00+00:00,2188.35009765625
ETH-USD,2026-05-17 21:00:00+00:00,2191.030029296875
ETH-USD,2026-05-17 21:30:00+00:00,2190.800048828125
ETH-USD,2026-05-17 22:00:00+00:00,2180.22998046875
ETH-USD,2026-05-17 22:30:00+00:00,2178.469970703125
ETH-USD,2026-05-17 23:00:00+00:00,2169.929931640625
ETH-USD,2026-05-17 23:30:00+00:00,2130.010009765625
ETH-USD,2026-05-18 00:00:00+00:00,2111.93994140625
ETH-USD,2026-05-18 00:30:00+00:00,2114.22998046875
ETH-USD,2026-05-18 01:00:00+00:00,2109.81005859375
ETH-USD,2026-05-18 01:30:00+00:00,2116.39990234375
ETH-USD,2026-05-18 02:00:00+00:00,2118.949951171875
ETH-USD,2026-05-18 02:30:00+00:00,2115.2900390625
ETH-USD,2026-05-18 03:00:00+00:00,2118.860107421875
ETH-USD,2026-05-18 03:30:00+00:00,2117.22998046875
ETH-USD,2026-05-18 04:00:00+00:00,2114.820068359375
ETH-USD,2026-05-18 04:30:00+00:00,2123.639892578125
ETH-USD,2026-05-18 05:00:00+00:00,2122.909912109375
ETH-USD,2026-05-18 05:30:00+00:00,2117.0
ETH-USD,2026-05-18 06:00:00+00:00,2111.60009765625
ETH-USD,2026-05-18 06:30:00+00:00,2117.68994140625
ETH-USD,2026-05-18 07:00:00+00:00,2118.739990234375
ETH-USD,2026-05-18 07:30:00+00:00,2119.300048828125
ETH-USD,2026-05-18 08:00:00+00:00,2119.739990234375
ETH-USD,2026-05-18 08:30:00+00:00,2120.1201171875
ETH-USD,2026-05-18 09:00:00+00:00,2116.419921875
ETH-USD,2026-05-18 09:30:00+00:00,2115.590087890625
ETH-USD,2026-05-18 10:00:00+00:00,2114.639892578125
ETH-USD,2026-05-18 10:30:00+00:00,2113.199951171875
ETH-USD,2026-05-18 11:00:00+00:00,2113.330078125
ETH-USD,2026-05-18 11:30:00+00:00,2132.77001953125
ETH-USD,2026-05-18 12:00:00+00:00,2143.679931640625
ETH-USD,2026-05-18 12:30:00+00:00,2149.919921875
ETH-USD,2026-05-18 13:00:00+00:00,2141.280029296875
ETH-USD,2026-05-18 13:30:00+00:00,2129.35009765625
ETH-USD,2026-05-18 14:00:00+00:00,2115.7099609375
ETH-USD,2026-05-18 14:30:00+00:00,2108.60009765625
ETH-USD,2026-05-18 15:00:00+00:00,2096.199951171875
ETH-USD,2026-05-18 15:30:00+00:00,2106.3798828125
ETH-USD,2026-05-18 15:42:55+00:00,2106.3798828125
ETH-USD,2026-05-18 15:43:41+00:00,2106.5400390625
SNY,2026-04-14 13:30:00+00:00,47.470001220703125
SNY,2026-04-14 14:00:00+00:00,47.69499969482422
SNY,2026-04-14 14:30:00+00:00,47.54999923706055
SNY,2026-04-14 15:00:00+00:00,47.599998474121094
SNY,2026-04-14 15:30:00+00:00,47.73500061035156
SNY,2026-04-14 16:00:00+00:00,47.67499923706055
SNY,2026-04-14 16:30:00+00:00,47.71500015258789
SNY,2026-04-14 17:00:00+00:00,47.790000915527344
SNY,2026-04-14 17:30:00+00:00,47.720001220703125
SNY,2026-04-14 18:00:00+00:00,47.69499969482422
SNY,2026-04-14 18:30:00+00:00,47.584999084472656
SNY,2026-04-14 19:00:00+00:00,47.685001373291016
SNY,2026-04-14 19:30:00+00:00,47.619998931884766
SNY,2026-04-15 13:30:00+00:00,48.147499084472656
SNY,2026-04-15 14:00:00+00:00,48.18000030517578
SNY,2026-04-15 14:30:00+00:00,47.900001525878906
SNY,2026-04-15 15:00:00+00:00,47.95000076293945
SNY,2026-04-15 15:30:00+00:00,47.699798583984375
SNY,2026-04-15 16:00:00+00:00,47.810001373291016
SNY,2026-04-15 16:30:00+00:00,47.915000915527344
SNY,2026-04-15 17:00:00+00:00,47.88990020751953
SNY,2026-04-15 17:30:00+00:00,47.98500061035156
SNY,2026-04-15 18:00:00+00:00,48.165000915527344
SNY,2026-04-15 18:30:00+00:00,48.26499938964844
SNY,2026-04-15 19:00:00+00:00,48.23500061035156
SNY,2026-04-15 19:30:00+00:00,48.0099983215332
SNY,2026-04-16 13:30:00+00:00,47.849998474121094
SNY,2026-04-16 14:00:00+00:00,47.720001220703125
SNY,2026-04-16 14:30:00+00:00,47.47999954223633
SNY,2026-04-16 15:00:00+00:00,47.459999084472656
SNY,2026-04-16 15:30:00+00:00,47.67499923706055
SNY,2026-04-16 16:00:00+00:00,47.63999938964844
SNY,2026-04-16 16:30:00+00:00,47.4900016784668
SNY,2026-04-16 17:00:00+00:00,47.53499984741211
SNY,2026-04-16 17:30:00+00:00,47.6349983215332
SNY,2026-04-16 18:00:00+00:00,47.71500015258789
SNY,2026-04-16 18:30:00+00:00,47.665000915527344
SNY,2026-04-16 19:00:00+00:00,47.584999084472656
SNY,2026-04-16 19:30:00+00:00,47.709999084472656
SNY,2026-04-17 13:30:00+00:00,48.38010025024414
SNY,2026-04-17 14:00:00+00:00,48.400001525878906
SNY,2026-04-17 14:30:00+00:00,48.415000915527344
SNY,2026-04-17 15:00:00+00:00,48.380001068115234
SNY,2026-04-17 15:30:00+00:00,48.48500061035156
SNY,2026-04-17 16:00:00+00:00,48.44499969482422
SNY,2026-04-17 16:30:00+00:00,48.45500183105469
SNY,2026-04-17 17:00:00+00:00,48.27000045776367
SNY,2026-04-17 17:30:00+00:00,48.369998931884766
SNY,2026-04-17 18:00:00+00:00,48.185001373291016
SNY,2026-04-17 18:30:00+00:00,48.125
SNY,2026-04-17 19:00:00+00:00,48.14030075073242
SNY,2026-04-17 19:30:00+00:00,48.04999923706055
SNY,2026-04-20 13:30:00+00:00,47.935001373291016
SNY,2026-04-20 14:00:00+00:00,47.86000061035156
SNY,2026-04-20 14:30:00+00:00,48.019500732421875
SNY,2026-04-20 15:00:00+00:00,48.209999084472656
SNY,2026-04-20 15:30:00+00:00,48.25
SNY,2026-04-20 16:00:00+00:00,48.224998474121094
SNY,2026-04-20 16:30:00+00:00,48.14500045776367
SNY,2026-04-20 17:00:00+00:00,48.18000030517578
SNY,2026-04-20 17:30:00+00:00,48.18000030517578
SNY,2026-04-20 18:00:00+00:00,48.1150016784668
SNY,2026-04-20 18:30:00+00:00,48.1599006652832
SNY,2026-04-20 19:00:00+00:00,48.1150016784668
SNY,2026-04-20 19:30:00+00:00,47.974998474121094
SNY,2026-04-21 13:30:00+00:00,47.68000030517578
SNY,2026-04-21 14:00:00+00:00,47.72999954223633
SNY,2026-04-21 14:30:00+00:00,47.4900016784668
SNY,2026-04-21 15:00:00+00:00,47.55979919433594
SNY,2026-04-21 15:30:00+00:00,47.6150016784668
SNY,2026-04-21 16:00:00+00:00,47.65999984741211
SNY,2026-04-21 16:30:00+00:00,47.48500061035156
SNY,2026-04-21 17:00:00+00:00,47.38990020751953
SNY,2026-04-21 17:30:00+00:00,47.375
SNY,2026-04-21 18:00:00+00:00,47.23500061035156
SNY,2026-04-21 18:30:00+00:00,47.27799987792969
SNY,2026-04-21 19:00:00+00:00,47.35499954223633
SNY,2026-04-21 19:30:00+00:00,47.099998474121094
SNY,2026-04-22 13:30:00+00:00,47.47999954223633
SNY,2026-04-22 14:00:00+00:00,47.31999969482422
SNY,2026-04-22 14:30:00+00:00,47.25
SNY,2026-04-22 15:00:00+00:00,47.38999938964844
SNY,2026-04-22 15:30:00+00:00,47.1150016784668
SNY,2026-04-22 16:00:00+00:00,47.095001220703125
SNY,2026-04-22 16:30:00+00:00,47.165000915527344
SNY,2026-04-22 17:00:00+00:00,47.152000427246094
SNY,2026-04-22 17:30:00+00:00,47.05500030517578
SNY,2026-04-22 18:00:00+00:00,47.029998779296875
SNY,2026-04-22 18:30:00+00:00,46.974998474121094
SNY,2026-04-22 19:00:00+00:00,46.974998474121094
SNY,2026-04-22 19:30:00+00:00,46.939998626708984
SNY,2026-04-23 13:30:00+00:00,48.19499969482422
SNY,2026-04-23 14:00:00+00:00,48.16999816894531
SNY,2026-04-23 14:30:00+00:00,48.209999084472656
SNY,2026-04-23 15:00:00+00:00,47.67499923706055
SNY,2026-04-23 15:30:00+00:00,47.619998931884766
SNY,2026-04-23 16:00:00+00:00,47.70500183105469
SNY,2026-04-23 16:30:00+00:00,47.7599983215332
SNY,2026-04-23 17:00:00+00:00,47.595001220703125
SNY,2026-04-23 17:30:00+00:00,47.599998474121094
SNY,2026-04-23 18:00:00+00:00,47.64500045776367
SNY,2026-04-23 18:30:00+00:00,47.66999816894531
SNY,2026-04-23 19:00:00+00:00,47.654998779296875
SNY,2026-04-23 19:30:00+00:00,47.54999923706055
SNY,2026-04-24 13:30:00+00:00,47.439998626708984
SNY,2026-04-24 14:00:00+00:00,47.18000030517578
SNY,2026-04-24 14:30:00+00:00,47.05500030517578
SNY,2026-04-24 15:00:00+00:00,46.95000076293945
SNY,2026-04-24 15:30:00+00:00,46.90999984741211
SNY,2026-04-24 16:00:00+00:00,46.91999816894531
SNY,2026-04-24 16:30:00+00:00,47.0099983215332
SNY,2026-04-24 17:00:00+00:00,47.04999923706055
SNY,2026-04-24 17:30:00+00:00,47.07500076293945
SNY,2026-04-24 18:00:00+00:00,47.025001525878906
SNY,2026-04-24 18:30:00+00:00,46.93000030517578
SNY,2026-04-24 19:00:00+00:00,47.0099983215332
SNY,2026-04-24 19:30:00+00:00,46.790000915527344
SNY,2026-04-27 13:30:00+00:00,46.720001220703125
SNY,2026-04-27 14:00:00+00:00,46.41999816894531
SNY,2026-04-27 14:30:00+00:00,46.25
SNY,2026-04-27 15:00:00+00:00,46.21500015258789
SNY,2026-04-27 15:30:00+00:00,46.2400016784668
SNY,2026-04-27 16:00:00+00:00,46.20500183105469
SNY,2026-04-27 16:30:00+00:00,46.099998474121094
SNY,2026-04-27 17:00:00+00:00,46.11000061035156
SNY,2026-04-27 17:30:00+00:00,46.040000915527344
SNY,2026-04-27 18:00:00+00:00,46.040000915527344
SNY,2026-04-27 18:30:00+00:00,46.095001220703125
SNY,2026-04-27 19:00:00+00:00,46.0099983215332
SNY,2026-04-27 19:30:00+00:00,45.900001525878906
SNY,2026-04-28 13:30:00+00:00,46.06999969482422
SNY,2026-04-28 14:00:00+00:00,46.0099983215332
SNY,2026-04-28 14:30:00+00:00,46.084999084472656
SNY,2026-04-28 15:00:00+00:00,46.209999084472656
SNY,2026-04-28 15:30:00+00:00,46.060001373291016
SNY,2026-04-28 16:00:00+00:00,46.0
SNY,2026-04-28 16:30:00+00:00,45.90999984741211
SNY,2026-04-28 17:00:00+00:00,45.900001525878906
SNY,2026-04-28 17:30:00+00:00,45.90999984741211
SNY,2026-04-28 18:00:00+00:00,45.95500183105469
SNY,2026-04-28 18:30:00+00:00,46.005001068115234
SNY,2026-04-28 19:00:00+00:00,45.95000076293945
SNY,2026-04-28 19:30:00+00:00,45.959999084472656
SNY,2026-04-29 13:30:00+00:00,45.52000045776367
SNY,2026-04-29 14:00:00+00:00,45.470001220703125
SNY,2026-04-29 14:30:00+00:00,45.5099983215332
SNY,2026-04-29 15:00:00+00:00,45.60499954223633
SNY,2026-04-29 15:30:00+00:00,45.70000076293945
SNY,2026-04-29 16:00:00+00:00,46.09000015258789
SNY,2026-04-29 16:30:00+00:00,46.04800033569336
SNY,2026-04-29 17:00:00+00:00,45.94990158081055
SNY,2026-04-29 17:30:00+00:00,45.935001373291016
SNY,2026-04-29 18:00:00+00:00,45.904998779296875
SNY,2026-04-29 18:30:00+00:00,46.060001373291016
SNY,2026-04-29 19:00:00+00:00,46.025001525878906
SNY,2026-04-29 19:30:00+00:00,46.040000915527344
SNY,2026-04-30 13:30:00+00:00,46.279998779296875
SNY,2026-04-30 14:00:00+00:00,46.75
SNY,2026-04-30 14:30:00+00:00,46.869998931884766
SNY,2026-04-30 15:00:00+00:00,46.82500076293945
SNY,2026-04-30 15:30:00+00:00,46.689998626708984
SNY,2026-04-30 16:00:00+00:00,46.720001220703125
SNY,2026-04-30 16:30:00+00:00,46.7599983215332
SNY,2026-04-30 17:00:00+00:00,46.72999954223633
SNY,2026-04-30 17:30:00+00:00,46.584999084472656
SNY,2026-04-30 18:00:00+00:00,46.57500076293945
SNY,2026-04-30 18:30:00+00:00,46.58000183105469
SNY,2026-04-30 19:00:00+00:00,46.689998626708984
SNY,2026-04-30 19:30:00+00:00,46.56999969482422
SNY,2026-05-01 13:30:00+00:00,46.63999938964844
SNY,2026-05-01 14:00:00+00:00,46.75
SNY,2026-05-01 14:30:00+00:00,46.665000915527344
SNY,2026-05-01 15:00:00+00:00,46.71500015258789
SNY,2026-05-01 15:30:00+00:00,46.529998779296875
SNY,2026-05-01 16:00:00+00:00,46.560001373291016
SNY,2026-05-01 16:30:00+00:00,46.5
SNY,2026-05-01 17:00:00+00:00,46.40999984741211
SNY,2026-05-01 17:30:00+00:00,46.28689956665039
SNY,2026-05-01 18:00:00+00:00,46.21500015258789
SNY,2026-05-01 18:30:00+00:00,46.400001525878906
SNY,2026-05-01 19:00:00+00:00,46.334999084472656
SNY,2026-05-01 19:30:00+00:00,46.06999969482422
SNY,2026-05-04 13:30:00+00:00,43.77000045776367
SNY,2026-05-04 14:00:00+00:00,43.68000030517578
SNY,2026-05-04 14:30:00+00:00,43.70000076293945
SNY,2026-05-04 15:00:00+00:00,43.47999954223633
SNY,2026-05-04 15:30:00+00:00,43.494998931884766
SNY,2026-05-04 16:00:00+00:00,43.30500030517578
SNY,2026-05-04 16:30:00+00:00,43.2760009765625
SNY,2026-05-04 17:00:00+00:00,43.380001068115234
SNY,2026-05-04 17:30:00+00:00,43.2599983215332
SNY,2026-05-04 18:00:00+00:00,43.16999816894531
SNY,2026-05-04 18:30:00+00:00,43.2400016784668
SNY,2026-05-04 19:00:00+00:00,43.26499938964844
SNY,2026-05-04 19:30:00+00:00,43.31999969482422
SNY,2026-05-05 13:30:00+00:00,43.249000549316406
SNY,2026-05-05 14:00:00+00:00,43.12799835205078
SNY,2026-05-05 14:30:00+00:00,43.209999084472656
SNY,2026-05-05 15:00:00+00:00,43.334999084472656
SNY,2026-05-05 15:30:00+00:00,43.220001220703125
SNY,2026-05-05 16:00:00+00:00,43.27000045776367
SNY,2026-05-05 16:30:00+00:00,43.27000045776367
SNY,2026-05-05 17:00:00+00:00,43.255001068115234
SNY,2026-05-05 17:30:00+00:00,43.345001220703125
SNY,2026-05-05 18:00:00+00:00,43.36000061035156
SNY,2026-05-05 18:30:00+00:00,43.4900016784668
SNY,2026-05-05 19:00:00+00:00,43.47999954223633
SNY,2026-05-05 19:30:00+00:00,43.375
SNY,2026-05-06 13:30:00+00:00,43.66999816894531
SNY,2026-05-06 14:00:00+00:00,43.88999938964844
SNY,2026-05-06 14:30:00+00:00,43.845001220703125
SNY,2026-05-06 15:00:00+00:00,43.86000061035156
SNY,2026-05-06 15:30:00+00:00,43.88999938964844
SNY,2026-05-06 16:00:00+00:00,43.71500015258789
SNY,2026-05-06 16:30:00+00:00,43.71500015258789
SNY,2026-05-06 17:00:00+00:00,43.79999923706055
SNY,2026-05-06 17:30:00+00:00,43.7599983215332
SNY,2026-05-06 18:00:00+00:00,43.83000183105469
SNY,2026-05-06 18:30:00+00:00,43.86000061035156
SNY,2026-05-06 19:00:00+00:00,43.81999969482422
SNY,2026-05-06 19:30:00+00:00,43.72999954223633
SNY,2026-05-07 13:30:00+00:00,43.68009948730469
SNY,2026-05-07 14:00:00+00:00,43.412498474121094
SNY,2026-05-07 14:30:00+00:00,43.6150016784668
SNY,2026-05-07 15:00:00+00:00,43.560001373291016
SNY,2026-05-07 15:30:00+00:00,43.32500076293945
SNY,2026-05-07 16:00:00+00:00,43.29930114746094
SNY,2026-05-07 16:30:00+00:00,43.150001525878906
SNY,2026-05-07 17:00:00+00:00,43.16999816894531
SNY,2026-05-07 17:30:00+00:00,43.20000076293945
SNY,2026-05-07 18:00:00+00:00,43.25
SNY,2026-05-07 18:30:00+00:00,43.2400016784668
SNY,2026-05-07 19:00:00+00:00,43.25
SNY,2026-05-07 19:30:00+00:00,43.185001373291016
SNY,2026-05-08 13:30:00+00:00,42.91999816894531
SNY,2026-05-08 14:00:00+00:00,42.900001525878906
SNY,2026-05-08 14:30:00+00:00,42.8650016784668
SNY,2026-05-08 15:00:00+00:00,42.95989990234375
SNY,2026-05-08 15:30:00+00:00,42.9900016784668
SNY,2026-05-08 16:00:00+00:00,43.005001068115234
SNY,2026-05-08 16:30:00+00:00,42.97999954223633
SNY,2026-05-08 17:00:00+00:00,43.04499816894531
SNY,2026-05-08 17:30:00+00:00,43.06999969482422
SNY,2026-05-08 18:00:00+00:00,43.04499816894531
SNY,2026-05-08 18:30:00+00:00,43.029998779296875
SNY,2026-05-08 19:00:00+00:00,43.10499954223633
SNY,2026-05-08 19:30:00+00:00,43.310001373291016
SNY,2026-05-11 13:30:00+00:00,43.5
SNY,2026-05-11 14:00:00+00:00,43.505001068115234
SNY,2026-05-11 14:30:00+00:00,43.185001373291016
SNY,2026-05-11 15:00:00+00:00,43.084999084472656
SNY,2026-05-11 15:30:00+00:00,42.84000015258789
SNY,2026-05-11 16:00:00+00:00,42.790000915527344
SNY,2026-05-11 16:30:00+00:00,42.779998779296875
SNY,2026-05-11 17:00:00+00:00,42.78499984741211
SNY,2026-05-11 17:30:00+00:00,42.8650016784668
SNY,2026-05-11 18:00:00+00:00,42.75
SNY,2026-05-11 18:30:00+00:00,42.7400016784668
SNY,2026-05-11 19:00:00+00:00,42.630001068115234
SNY,2026-05-11 19:30:00+00:00,42.5
SNY,2026-05-12 13:30:00+00:00,42.77000045776367
SNY,2026-05-12 14:00:00+00:00,42.78499984741211
SNY,2026-05-12 14:30:00+00:00,42.849998474121094
SNY,2026-05-12 15:00:00+00:00,42.939998626708984
SNY,2026-05-12 15:30:00+00:00,42.91999816894531
SNY,2026-05-12 16:00:00+00:00,42.95000076293945
SNY,2026-05-12 16:30:00+00:00,43.01499938964844
SNY,2026-05-12 17:00:00+00:00,42.88999938964844
SNY,2026-05-12 17:30:00+00:00,42.8218994140625
SNY,2026-05-12 18:00:00+00:00,42.81999969482422
SNY,2026-05-12 18:30:00+00:00,42.82500076293945
SNY,2026-05-12 19:00:00+00:00,42.845001220703125
SNY,2026-05-12 19:30:00+00:00,42.85499954223633
SNY,2026-05-13 13:30:00+00:00,42.939998626708984
SNY,2026-05-13 14:00:00+00:00,42.709999084472656
SNY,2026-05-13 14:30:00+00:00,42.505001068115234
SNY,2026-05-13 15:00:00+00:00,42.540000915527344
SNY,2026-05-13 15:30:00+00:00,42.5099983215332
SNY,2026-05-13 16:00:00+00:00,42.560001373291016
SNY,2026-05-13 16:30:00+00:00,42.54499816894531
SNY,2026-05-13 17:00:00+00:00,42.560001373291016
SNY,2026-05-13 17:30:00+00:00,42.42499923706055
SNY,2026-05-13 18:00:00+00:00,42.404998779296875
SNY,2026-05-13 18:30:00+00:00,42.48500061035156
SNY,2026-05-13 19:00:00+00:00,42.42499923706055
SNY,2026-05-13 19:30:00+00:00,42.43000030517578
SNY,2026-05-14 13:30:00+00:00,42.65999984741211
SNY,2026-05-14 14:00:00+00:00,42.68000030517578
SNY,2026-05-14 14:30:00+00:00,42.70500183105469
SNY,2026-05-14 15:00:00+00:00,42.58000183105469
SNY,2026-05-14 15:30:00+00:00,42.78499984741211
SNY,2026-05-14 16:00:00+00:00,42.724998474121094
SNY,2026-05-14 16:30:00+00:00,42.66999816894531
SNY,2026-05-14 17:00:00+00:00,42.7400016784668
SNY,2026-05-14 17:30:00+00:00,42.709999084472656
SNY,2026-05-14 18:00:00+00:00,42.709999084472656
SNY,2026-05-14 18:30:00+00:00,42.82229995727539
SNY,2026-05-14 19:00:00+00:00,42.849998474121094
SNY,2026-05-14 19:30:00+00:00,42.85499954223633
SNY,2026-05-15 13:30:00+00:00,43.08000183105469
SNY,2026-05-15 14:00:00+00:00,43.13999938964844
SNY,2026-05-15 14:30:00+00:00,43.189998626708984
SNY,2026-05-15 15:00:00+00:00,42.93000030517578
SNY,2026-05-15 15:30:00+00:00,42.97999954223633
SNY,2026-05-15 16:00:00+00:00,42.939998626708984
SNY,2026-05-15 16:30:00+00:00,42.88999938964844
SNY,2026-05-15 17:00:00+00:00,42.834999084472656
SNY,2026-05-15 17:30:00+00:00,42.775001525878906
SNY,2026-05-15 18:00:00+00:00,42.78499984741211
SNY,2026-05-15 18:30:00+00:00,42.81999969482422
SNY,2026-05-15 19:00:00+00:00,42.845001220703125
SNY,2026-05-15 19:30:00+00:00,42.70000076293945
SNY,2026-05-18 13:30:00+00:00,43.38999938964844
SNY,2026-05-18 14:00:00+00:00,43.47999954223633
SNY,2026-05-18 14:30:00+00:00,43.400001525878906
SNY,2026-05-18 15:00:00+00:00,43.220001220703125
SNY,2026-05-18 15:30:00+00:00,43.220001220703125
SNY,2026-05-18 15:42:52+00:00,43.220001220703125
SNY,2026-05-18 15:43:13+00:00,43.220001220703125
SPY,2026-04-14 13:30:00+00:00,689.489990234375
SPY,2026-04-14 14:00:00+00:00,690.97998046875
SPY,2026-04-14 14:30:00+00:00,691.5399169921875
SPY,2026-04-14 15:00:00+00:00,692.25
SPY,2026-04-14 15:30:00+00:00,692.8599853515625
SPY,2026-04-14 16:00:00+00:00,693.594970703125
SPY,2026-04-14 16:30:00+00:00,692.9500122070312
SPY,2026-04-14 17:00:00+00:00,693.739990234375
SPY,2026-04-14 17:30:00+00:00,693.7249755859375
SPY,2026-04-14 18:00:00+00:00,692.5999755859375
SPY,2026-04-14 18:30:00+00:00,692.760009765625
SPY,2026-04-14 19:00:00+00:00,694.239990234375
SPY,2026-04-14 19:30:00+00:00,694.39501953125
SPY,2026-04-15 13:30:00+00:00,695.6799926757812
SPY,2026-04-15 14:00:00+00:00,696.9199829101562
SPY,2026-04-15 14:30:00+00:00,696.72998046875
SPY,2026-04-15 15:00:00+00:00,697.3699951171875
SPY,2026-04-15 15:30:00+00:00,697.010009765625
SPY,2026-04-15 16:00:00+00:00,697.3599243164062
SPY,2026-04-15 16:30:00+00:00,696.530029296875
SPY,2026-04-15 17:00:00+00:00,697.4199829101562
SPY,2026-04-15 17:30:00+00:00,697.4801025390625
SPY,2026-04-15 18:00:00+00:00,698.5
SPY,2026-04-15 18:30:00+00:00,699.6400146484375
SPY,2026-04-15 19:00:00+00:00,700.0
SPY,2026-04-15 19:30:00+00:00,699.8400268554688
SPY,2026-04-16 13:30:00+00:00,699.47998046875
SPY,2026-04-16 14:00:00+00:00,699.1400146484375
SPY,2026-04-16 14:30:00+00:00,699.9400024414062
SPY,2026-04-16 15:00:00+00:00,700.780029296875
SPY,2026-04-16 15:30:00+00:00,702.219970703125
SPY,2026-04-16 16:00:00+00:00,702.010009765625
SPY,2026-04-16 16:30:00+00:00,700.8099975585938
SPY,2026-04-16 17:00:00+00:00,700.7000122070312
SPY,2026-04-16 17:30:00+00:00,700.5999755859375
SPY,2026-04-16 18:00:00+00:00,699.7899780273438
SPY,2026-04-16 18:30:00+00:00,700.7050170898438
SPY,2026-04-16 19:00:00+00:00,700.9100952148438
SPY,2026-04-16 19:30:00+00:00,701.5499877929688
SPY,2026-04-17 13:30:00+00:00,708.330078125
SPY,2026-04-17 14:00:00+00:00,709.2249755859375
SPY,2026-04-17 14:30:00+00:00,710.47998046875
SPY,2026-04-17 15:00:00+00:00,710.6199951171875
SPY,2026-04-17 15:30:00+00:00,710.739990234375
SPY,2026-04-17 16:00:00+00:00,711.510009765625
SPY,2026-04-17 16:30:00+00:00,711.9099731445312
SPY,2026-04-17 17:00:00+00:00,709.8800048828125
SPY,2026-04-17 17:30:00+00:00,710.2949829101562
SPY,2026-04-17 18:00:00+00:00,709.8099975585938
SPY,2026-04-17 18:30:00+00:00,709.6400146484375
SPY,2026-04-17 19:00:00+00:00,709.260009765625
SPY,2026-04-17 19:30:00+00:00,710.0499877929688
SPY,2026-04-20 13:30:00+00:00,709.6699829101562
SPY,2026-04-20 14:00:00+00:00,708.9500122070312
SPY,2026-04-20 14:30:00+00:00,707.1400146484375
SPY,2026-04-20 15:00:00+00:00,708.3300170898438
SPY,2026-04-20 15:30:00+00:00,707.5991821289062
SPY,2026-04-20 16:00:00+00:00,707.6500244140625
SPY,2026-04-20 16:30:00+00:00,707.639892578125
SPY,2026-04-20 17:00:00+00:00,707.97998046875
SPY,2026-04-20 17:30:00+00:00,707.739990234375
SPY,2026-04-20 18:00:00+00:00,708.3200073242188
SPY,2026-04-20 18:30:00+00:00,708.2650146484375
SPY,2026-04-20 19:00:00+00:00,708.02001953125
SPY,2026-04-20 19:30:00+00:00,708.6900024414062
SPY,2026-04-21 13:30:00+00:00,710.75
SPY,2026-04-21 14:00:00+00:00,710.5700073242188
SPY,2026-04-21 14:30:00+00:00,707.5900268554688
SPY,2026-04-21 15:00:00+00:00,706.6900024414062
SPY,2026-04-21 15:30:00+00:00,706.719970703125
SPY,2026-04-21 16:00:00+00:00,706.3599853515625
SPY,2026-04-21 16:30:00+00:00,705.5800170898438
SPY,2026-04-21 17:00:00+00:00,704.6900024414062
SPY,2026-04-21 17:30:00+00:00,705.7949829101562
SPY,2026-04-21 18:00:00+00:00,705.0989990234375
SPY,2026-04-21 18:30:00+00:00,706.3200073242188
SPY,2026-04-21 19:00:00+00:00,707.7249755859375
SPY,2026-04-21 19:30:00+00:00,704.1400146484375
SPY,2026-04-22 13:30:00+00:00,709.3900146484375
SPY,2026-04-22 14:00:00+00:00,710.52001953125
SPY,2026-04-22 14:30:00+00:00,710.0399780273438
SPY,2026-04-22 15:00:00+00:00,710.2000122070312
SPY,2026-04-22 15:30:00+00:00,709.6400146484375
SPY,2026-04-22 16:00:00+00:00,709.155029296875
SPY,2026-04-22 16:30:00+00:00,708.8900146484375
SPY,2026-04-22 17:00:00+00:00,710.0399780273438
SPY,2026-04-22 17:30:00+00:00,709.989990234375
SPY,2026-04-22 18:00:00+00:00,709.4500122070312
SPY,2026-04-22 18:30:00+00:00,709.6500244140625
SPY,2026-04-22 19:00:00+00:00,710.4500122070312
SPY,2026-04-22 19:30:00+00:00,711.2100219726562
SPY,2026-04-23 13:30:00+00:00,710.2100219726562
SPY,2026-04-23 14:00:00+00:00,710.530029296875
SPY,2026-04-23 14:30:00+00:00,711.7100219726562
SPY,2026-04-23 15:00:00+00:00,711.989990234375
SPY,2026-04-23 15:30:00+00:00,711.10498046875
SPY,2026-04-23 16:00:00+00:00,710.72998046875
SPY,2026-04-23 16:30:00+00:00,710.8699951171875
SPY,2026-04-23 17:00:00+00:00,706.0499877929688
SPY,2026-04-23 17:30:00+00:00,706.635009765625
SPY,2026-04-23 18:00:00+00:00,708.5100708007812
SPY,2026-04-23 18:30:00+00:00,707.126220703125
SPY,2026-04-23 19:00:00+00:00,708.405029296875
SPY,2026-04-23 19:30:00+00:00,708.4400024414062
SPY,2026-04-24 13:30:00+00:00,709.9400024414062
SPY,2026-04-24 14:00:00+00:00,709.8599853515625
SPY,2026-04-24 14:30:00+00:00,711.4400024414062
SPY,2026-04-24 15:00:00+00:00,711.8499755859375
SPY,2026-04-24 15:30:00+00:00,713.77001953125
SPY,2026-04-24 16:00:00+00:00,713.3012084960938
SPY,2026-04-24 16:30:00+00:00,713.6099853515625
SPY,2026-04-24 17:00:00+00:00,713.02001953125
SPY,2026-04-24 17:30:00+00:00,713.6500244140625
SPY,2026-04-24 18:00:00+00:00,713.02001953125
SPY,2026-04-24 18:30:00+00:00,713.530029296875
SPY,2026-04-24 19:00:00+00:00,713.739990234375
SPY,2026-04-24 19:30:00+00:00,713.97998046875
SPY,2026-04-27 13:30:00+00:00,714.0850219726562
SPY,2026-04-27 14:00:00+00:00,713.4450073242188
SPY,2026-04-27 14:30:00+00:00,713.6199951171875
SPY,2026-04-27 15:00:00+00:00,713.0
SPY,2026-04-27 15:30:00+00:00,713.4000244140625
SPY,2026-04-27 16:00:00+00:00,713.8599853515625
SPY,2026-04-27 16:30:00+00:00,714.1300048828125
SPY,2026-04-27 17:00:00+00:00,714.5999755859375
SPY,2026-04-27 17:30:00+00:00,714.8798828125
SPY,2026-04-27 18:00:00+00:00,715.0999755859375
SPY,2026-04-27 18:30:00+00:00,714.875
SPY,2026-04-27 19:00:00+00:00,715.1400146484375
SPY,2026-04-27 19:30:00+00:00,715.1599731445312
SPY,2026-04-28 13:30:00+00:00,711.5800170898438
SPY,2026-04-28 14:00:00+00:00,711.25
SPY,2026-04-28 14:30:00+00:00,710.52001953125
SPY,2026-04-28 15:00:00+00:00,709.9000244140625
SPY,2026-04-28 15:30:00+00:00,709.97998046875
SPY,2026-04-28 16:00:00+00:00,710.3200073242188
SPY,2026-04-28 16:30:00+00:00,710.1799926757812
SPY,2026-04-28 17:00:00+00:00,710.1199951171875
SPY,2026-04-28 17:30:00+00:00,711.030029296875
SPY,2026-04-28 18:00:00+00:00,711.3499755859375
SPY,2026-04-28 18:30:00+00:00,711.52001953125
SPY,2026-04-28 19:00:00+00:00,711.5900268554688
SPY,2026-04-28 19:30:00+00:00,711.6799926757812
SPY,2026-04-29 13:30:00+00:00,710.77001953125
SPY,2026-04-29 14:00:00+00:00,711.47998046875
SPY,2026-04-29 14:30:00+00:00,711.4400024414062
SPY,2026-04-29 15:00:00+00:00,710.8670043945312
SPY,2026-04-29 15:30:00+00:00,710.0399780273438
SPY,2026-04-29 16:00:00+00:00,709.75
SPY,2026-04-29 16:30:00+00:00,709.6749877929688
SPY,2026-04-29 17:00:00+00:00,709.9099731445312
SPY,2026-04-29 17:30:00+00:00,710.6099853515625
SPY,2026-04-29 18:00:00+00:00,709.219970703125
SPY,2026-04-29 18:30:00+00:00,710.5700073242188
SPY,2026-04-29 19:00:00+00:00,710.8699951171875
SPY,2026-04-29 19:30:00+00:00,711.5800170898438
SPY,2026-04-30 13:30:00+00:00,711.27001953125
SPY,2026-04-30 14:00:00+00:00,712.010009765625
SPY,2026-04-30 14:30:00+00:00,713.8699951171875
SPY,2026-04-30 15:00:00+00:00,714.4299926757812
SPY,2026-04-30 15:30:00+00:00,714.5999755859375
SPY,2026-04-30 16:00:00+00:00,715.1799926757812
SPY,2026-04-30 16:30:00+00:00,714.3474731445312
SPY,2026-04-30 17:00:00+00:00,715.8099975585938
SPY,2026-04-30 17:30:00+00:00,717.0601196289062
SPY,2026-04-30 18:00:00+00:00,717.8800048828125
SPY,2026-04-30 18:30:00+00:00,718.3699951171875
SPY,2026-04-30 19:00:00+00:00,719.1199951171875
SPY,2026-04-30 19:30:00+00:00,718.3900146484375
SPY,2026-05-01 13:30:00+00:00,724.1749877929688
SPY,2026-05-01 14:00:00+00:00,724.2587890625
SPY,2026-05-01 14:30:00+00:00,722.719970703125
SPY,2026-05-01 15:00:00+00:00,723.2899780273438
SPY,2026-05-01 15:30:00+00:00,723.385009765625
SPY,2026-05-01 16:00:00+00:00,722.1400146484375
SPY,2026-05-01 16:30:00+00:00,721.8900146484375
SPY,2026-05-01 17:00:00+00:00,722.97998046875
SPY,2026-05-01 17:30:00+00:00,722.7999877929688
SPY,2026-05-01 18:00:00+00:00,722.1799926757812
SPY,2026-05-01 18:30:00+00:00,721.1699829101562
SPY,2026-05-01 19:00:00+00:00,722.4199829101562
SPY,2026-05-01 19:30:00+00:00,720.6699829101562
SPY,2026-05-04 13:30:00+00:00,720.7601928710938
SPY,2026-05-04 14:00:00+00:00,721.239990234375
SPY,2026-05-04 14:30:00+00:00,720.9099731445312
SPY,2026-05-04 15:00:00+00:00,718.4400024414062
SPY,2026-05-04 15:30:00+00:00,717.5897827148438
SPY,2026-05-04 16:00:00+00:00,717.0
SPY,2026-05-04 16:30:00+00:00,716.5499877929688
SPY,2026-05-04 17:00:00+00:00,718.5700073242188
SPY,2026-05-04 17:30:00+00:00,718.330078125
SPY,2026-05-04 18:00:00+00:00,717.760009765625
SPY,2026-05-04 18:30:00+00:00,717.469970703125
SPY,2026-05-04 19:00:00+00:00,717.739990234375
SPY,2026-05-04 19:30:00+00:00,718.0700073242188
SPY,2026-05-05 13:30:00+00:00,722.530029296875
SPY,2026-05-05 14:00:00+00:00,723.2899780273438
SPY,2026-05-05 14:30:00+00:00,723.1400146484375
SPY,2026-05-05 15:00:00+00:00,723.47998046875
SPY,2026-05-05 15:30:00+00:00,723.0399780273438
SPY,2026-05-05 16:00:00+00:00,723.5800170898438
SPY,2026-05-05 16:30:00+00:00,723.469970703125
SPY,2026-05-05 17:00:00+00:00,723.85498046875
SPY,2026-05-05 17:30:00+00:00,724.010009765625
SPY,2026-05-05 18:00:00+00:00,724.4749755859375
SPY,2026-05-05 18:30:00+00:00,724.3200073242188
SPY,2026-05-05 19:00:00+00:00,724.719970703125
SPY,2026-05-05 19:30:00+00:00,723.739990234375
SPY,2026-05-06 13:30:00+00:00,729.6500244140625
SPY,2026-05-06 14:00:00+00:00,730.02001953125
SPY,2026-05-06 14:30:00+00:00,732.1500854492188
SPY,2026-05-06 15:00:00+00:00,732.0599975585938
SPY,2026-05-06 15:30:00+00:00,731.6400146484375
SPY,2026-05-06 16:00:00+00:00,731.77001953125
SPY,2026-05-06 16:30:00+00:00,730.9849853515625
SPY,2026-05-06 17:00:00+00:00,731.6799926757812
SPY,2026-05-06 17:30:00+00:00,732.125
SPY,2026-05-06 18:00:00+00:00,733.0449829101562
SPY,2026-05-06 18:30:00+00:00,732.9600219726562
SPY,2026-05-06 19:00:00+00:00,733.8599853515625
SPY,2026-05-06 19:30:00+00:00,733.77001953125
SPY,2026-05-07 13:30:00+00:00,733.9400024414062
SPY,2026-05-07 14:00:00+00:00,734.5499877929688
SPY,2026-05-07 14:30:00+00:00,736.0800170898438
SPY,2026-05-07 15:00:00+00:00,734.9088134765625
SPY,2026-05-07 15:30:00+00:00,733.9799194335938
SPY,2026-05-07 16:00:00+00:00,733.364990234375
SPY,2026-05-07 16:30:00+00:00,732.0399780273438
SPY,2026-05-07 17:00:00+00:00,730.625
SPY,2026-05-07 17:30:00+00:00,731.719970703125
SPY,2026-05-07 18:00:00+00:00,731.2899780273438
SPY,2026-05-07 18:30:00+00:00,731.1400146484375
SPY,2026-05-07 19:00:00+00:00,730.5
SPY,2026-05-07 19:30:00+00:00,731.5900268554688
SPY,2026-05-08 13:30:00+00:00,736.6400146484375
SPY,2026-05-08 14:00:00+00:00,736.7999877929688
SPY,2026-05-08 14:30:00+00:00,737.0599975585938
SPY,2026-05-08 15:00:00+00:00,736.9099731445312
SPY,2026-05-08 15:30:00+00:00,736.8900146484375
SPY,2026-05-08 16:00:00+00:00,737.5499877929688
SPY,2026-05-08 16:30:00+00:00,736.9199829101562
SPY,2026-05-08 17:00:00+00:00,737.6900024414062
SPY,2026-05-08 17:30:00+00:00,737.1900024414062
SPY,2026-05-08 18:00:00+00:00,737.72998046875
SPY,2026-05-08 18:30:00+00:00,736.3800048828125
SPY,2026-05-08 19:00:00+00:00,736.6400146484375
SPY,2026-05-08 19:30:00+00:00,737.530029296875
SPY,2026-05-11 13:30:00+00:00,738.6701049804688
SPY,2026-05-11 14:00:00+00:00,738.4674072265625
SPY,2026-05-11 14:30:00+00:00,739.6500244140625
SPY,2026-05-11 15:00:00+00:00,740.0706787109375
SPY,2026-05-11 15:30:00+00:00,740.219970703125
SPY,2026-05-11 16:00:00+00:00,740.3350219726562
SPY,2026-05-11 16:30:00+00:00,739.3278198242188
SPY,2026-05-11 17:00:00+00:00,739.8099975585938
SPY,2026-05-11 17:30:00+00:00,740.2000122070312
SPY,2026-05-11 18:00:00+00:00,740.3400268554688
SPY,2026-05-11 18:30:00+00:00,738.52001953125
SPY,2026-05-11 19:00:00+00:00,738.489990234375
SPY,2026-05-11 19:30:00+00:00,739.2000122070312
SPY,2026-05-12 13:30:00+00:00,735.1099853515625
SPY,2026-05-12 14:00:00+00:00,734.9199829101562
SPY,2026-05-12 14:30:00+00:00,733.7899780273438
SPY,2026-05-12 15:00:00+00:00,732.3200073242188
SPY,2026-05-12 15:30:00+00:00,732.489990234375
SPY,2026-05-12 16:00:00+00:00,732.739990234375
SPY,2026-05-12 16:30:00+00:00,732.10498046875
SPY,2026-05-12 17:00:00+00:00,734.3499755859375
SPY,2026-05-12 17:30:00+00:00,735.0599975585938
SPY,2026-05-12 18:00:00+00:00,736.1849975585938
SPY,2026-05-12 18:30:00+00:00,736.0
SPY,2026-05-12 19:00:00+00:00,737.0800170898438
SPY,2026-05-12 19:30:00+00:00,738.2000122070312
SPY,2026-05-13 13:30:00+00:00,736.9000244140625
SPY,2026-05-13 14:00:00+00:00,738.3049926757812
SPY,2026-05-13 14:30:00+00:00,738.8300170898438
SPY,2026-05-13 15:00:00+00:00,739.2899780273438
SPY,2026-05-13 15:30:00+00:00,739.739990234375
SPY,2026-05-13 16:00:00+00:00,741.7249755859375
SPY,2026-05-13 16:30:00+00:00,742.0399780273438
SPY,2026-05-13 17:00:00+00:00,742.6199951171875
SPY,2026-05-13 17:30:00+00:00,742.135009765625
SPY,2026-05-13 18:00:00+00:00,743.530029296875
SPY,2026-05-13 18:30:00+00:00,742.6500244140625
SPY,2026-05-13 19:00:00+00:00,743.489990234375
SPY,2026-05-13 19:30:00+00:00,742.3049926757812
SPY,2026-05-14 13:30:00+00:00,744.4299926757812
SPY,2026-05-14 14:00:00+00:00,745.9600219726562
SPY,2026-05-14 14:30:00+00:00,747.1799926757812
SPY,2026-05-14 15:00:00+00:00,748.510498046875
SPY,2026-05-14 15:30:00+00:00,749.2650146484375
SPY,2026-05-14 16:00:00+00:00,748.0
SPY,2026-05-14 16:30:00+00:00,747.8289794921875
SPY,2026-05-14 17:00:00+00:00,746.9099731445312
SPY,2026-05-14 17:30:00+00:00,747.739990234375
SPY,2026-05-14 18:00:00+00:00,747.5599975585938
SPY,2026-05-14 18:30:00+00:00,748.2999877929688
SPY,2026-05-14 19:00:00+00:00,748.0850219726562
SPY,2026-05-14 19:30:00+00:00,748.0800170898438
SPY,2026-05-15 13:30:00+00:00,739.1699829101562
SPY,2026-05-15 14:00:00+00:00,741.1300048828125
SPY,2026-05-15 14:30:00+00:00,740.969970703125
SPY,2026-05-15 15:00:00+00:00,741.219970703125
SPY,2026-05-15 15:30:00+00:00,740.2799072265625
SPY,2026-05-15 16:00:00+00:00,741.3099975585938
SPY,2026-05-15 16:30:00+00:00,740.9600219726562
SPY,2026-05-15 17:00:00+00:00,742.5228271484375
SPY,2026-05-15 17:30:00+00:00,742.9600219726562
SPY,2026-05-15 18:00:00+00:00,741.7100219726562
SPY,2026-05-15 18:30:00+00:00,741.6400146484375
SPY,2026-05-15 19:00:00+00:00,740.1599731445312
SPY,2026-05-15 19:30:00+00:00,739.0800170898438
SPY,2026-05-18 13:30:00+00:00,740.5700073242188
SPY,2026-05-18 14:00:00+00:00,739.5
SPY,2026-05-18 14:30:00+00:00,738.2849731445312
SPY,2026-05-18 15:00:00+00:00,735.6199951171875
SPY,2026-05-18 15:30:00+00:00,737.0750122070312
SPY,2026-05-18 15:42:57+00:00,737.030029296875
SPY,2026-05-18 15:43:45+00:00,736.6699829101562
TLT,2026-04-14 13:30:00+00:00,86.69999694824219
TLT,2026-04-14 14:00:00+00:00,86.9000015258789
TLT,2026-04-14 14:30:00+00:00,86.94149780273438
TLT,2026-04-14 15:00:00+00:00,86.94999694824219
TLT,2026-04-14 15:30:00+00:00,86.95500183105469
TLT,2026-04-14 16:00:00+00:00,87.0199966430664
TLT,2026-04-14 16:30:00+00:00,86.99500274658203
TLT,2026-04-14 17:00:00+00:00,87.05500030517578
TLT,2026-04-14 17:30:00+00:00,87.07499694824219
TLT,2026-04-14 18:00:00+00:00,87.15010070800781
TLT,2026-04-14 18:30:00+00:00,87.1449966430664
TLT,2026-04-14 19:00:00+00:00,87.13999938964844
TLT,2026-04-14 19:30:00+00:00,87.19999694824219
TLT,2026-04-15 13:30:00+00:00,87.0199966430664
TLT,2026-04-15 14:00:00+00:00,87.0250015258789
TLT,2026-04-15 14:30:00+00:00,86.93800354003906
TLT,2026-04-15 15:00:00+00:00,86.84500122070312
TLT,2026-04-15 15:30:00+00:00,86.81500244140625
TLT,2026-04-15 16:00:00+00:00,86.84989929199219
TLT,2026-04-15 16:30:00+00:00,86.82499694824219
TLT,2026-04-15 17:00:00+00:00,86.86499786376953
TLT,2026-04-15 17:30:00+00:00,86.79840087890625
TLT,2026-04-15 18:00:00+00:00,86.78500366210938
TLT,2026-04-15 18:30:00+00:00,86.8550033569336
TLT,2026-04-15 19:00:00+00:00,86.83499908447266
TLT,2026-04-15 19:30:00+00:00,86.81500244140625
TLT,2026-04-16 13:30:00+00:00,86.76000213623047
TLT,2026-04-16 14:00:00+00:00,86.65889739990234
TLT,2026-04-16 14:30:00+00:00,86.5999984741211
TLT,2026-04-16 15:00:00+00:00,86.63500213623047
TLT,2026-04-16 15:30:00+00:00,86.55500030517578
TLT,2026-04-16 16:00:00+00:00,86.52999877929688
TLT,2026-04-16 16:30:00+00:00,86.4000015258789
TLT,2026-04-16 17:00:00+00:00,86.26499938964844
TLT,2026-04-16 17:30:00+00:00,86.30000305175781
TLT,2026-04-16 18:00:00+00:00,86.31500244140625
TLT,2026-04-16 18:30:00+00:00,86.34970092773438
TLT,2026-04-16 19:00:00+00:00,86.33999633789062
TLT,2026-04-16 19:30:00+00:00,86.30000305175781
TLT,2026-04-17 13:30:00+00:00,87.0199966430664
TLT,2026-04-17 14:00:00+00:00,87.08499908447266
TLT,2026-04-17 14:30:00+00:00,87.11499786376953
TLT,2026-04-17 15:00:00+00:00,87.08499908447266
TLT,2026-04-17 15:30:00+00:00,87.04000091552734
TLT,2026-04-17 16:00:00+00:00,87.15499877929688
TLT,2026-04-17 16:30:00+00:00,87.122802734375
TLT,2026-04-17 17:00:00+00:00,87.01000213623047
TLT,2026-04-17 17:30:00+00:00,87.01000213623047
TLT,2026-04-17 18:00:00+00:00,86.9800033569336
TLT,2026-04-17 18:30:00+00:00,87.01000213623047
TLT,2026-04-17 19:00:00+00:00,86.99019622802734
TLT,2026-04-17 19:30:00+00:00,87.05000305175781
TLT,2026-04-20 13:30:00+00:00,87.03500366210938
TLT,2026-04-20 14:00:00+00:00,86.86000061035156
TLT,2026-04-20 14:30:00+00:00,86.78500366210938
TLT,2026-04-20 15:00:00+00:00,86.95500183105469
TLT,2026-04-20 15:30:00+00:00,86.90499877929688
TLT,2026-04-20 16:00:00+00:00,86.93360137939453
TLT,2026-04-20 16:30:00+00:00,86.9749984741211
TLT,2026-04-20 17:00:00+00:00,87.0250015258789
TLT,2026-04-20 17:30:00+00:00,86.98829650878906
TLT,2026-04-20 18:00:00+00:00,87.0250015258789
TLT,2026-04-20 18:30:00+00:00,87.08200073242188
TLT,2026-04-20 19:00:00+00:00,87.08499908447266
TLT,2026-04-20 19:30:00+00:00,87.04000091552734
TLT,2026-04-21 13:30:00+00:00,87.01499938964844
TLT,2026-04-21 14:00:00+00:00,86.90499877929688
TLT,2026-04-21 14:30:00+00:00,86.62000274658203
TLT,2026-04-21 15:00:00+00:00,86.70999908447266
TLT,2026-04-21 15:30:00+00:00,86.75499725341797
TLT,2026-04-21 16:00:00+00:00,86.72000122070312
TLT,2026-04-21 16:30:00+00:00,86.74800109863281
TLT,2026-04-21 17:00:00+00:00,86.65499877929688
TLT,2026-04-21 17:30:00+00:00,86.77999877929688
TLT,2026-04-21 18:00:00+00:00,86.71499633789062
TLT,2026-04-21 18:30:00+00:00,86.83499908447266
TLT,2026-04-21 19:00:00+00:00,86.91500091552734
TLT,2026-04-21 19:30:00+00:00,86.55000305175781
TLT,2026-04-22 13:30:00+00:00,87.05500030517578
TLT,2026-04-22 14:00:00+00:00,87.09010314941406
TLT,2026-04-22 14:30:00+00:00,86.94000244140625
TLT,2026-04-22 15:00:00+00:00,86.9749984741211
TLT,2026-04-22 15:30:00+00:00,86.88999938964844
TLT,2026-04-22 16:00:00+00:00,86.80999755859375
TLT,2026-04-22 16:30:00+00:00,86.74500274658203
TLT,2026-04-22 17:00:00+00:00,86.81999969482422
TLT,2026-04-22 17:30:00+00:00,86.83999633789062
TLT,2026-04-22 18:00:00+00:00,86.80660247802734
TLT,2026-04-22 18:30:00+00:00,86.80500030517578
TLT,2026-04-22 19:00:00+00:00,86.82499694824219
TLT,2026-04-22 19:30:00+00:00,86.75499725341797
TLT,2026-04-23 13:30:00+00:00,86.91500091552734
TLT,2026-04-23 14:00:00+00:00,86.96499633789062
TLT,2026-04-23 14:30:00+00:00,86.98999786376953
TLT,2026-04-23 15:00:00+00:00,87.00509643554688
TLT,2026-04-23 15:30:00+00:00,86.90499877929688
TLT,2026-04-23 16:00:00+00:00,86.88990020751953
TLT,2026-04-23 16:30:00+00:00,86.88500213623047
TLT,2026-04-23 17:00:00+00:00,86.32499694824219
TLT,2026-04-23 17:30:00+00:00,86.58999633789062
TLT,2026-04-23 18:00:00+00:00,86.68000030517578
TLT,2026-04-23 18:30:00+00:00,86.56999969482422
TLT,2026-04-23 19:00:00+00:00,86.5199966430664
TLT,2026-04-23 19:30:00+00:00,86.56999969482422
TLT,2026-04-24 13:30:00+00:00,86.51000213623047
TLT,2026-04-24 14:00:00+00:00,86.66000366210938
TLT,2026-04-24 14:30:00+00:00,86.77999877929688
TLT,2026-04-24 15:00:00+00:00,86.58999633789062
TLT,2026-04-24 15:30:00+00:00,86.79499816894531
TLT,2026-04-24 16:00:00+00:00,86.67919921875
TLT,2026-04-24 16:30:00+00:00,86.67500305175781
TLT,2026-04-24 17:00:00+00:00,86.61499786376953
TLT,2026-04-24 17:30:00+00:00,86.63999938964844
TLT,2026-04-24 18:00:00+00:00,86.58000183105469
TLT,2026-04-24 18:30:00+00:00,86.6500015258789
TLT,2026-04-24 19:00:00+00:00,86.76000213623047
TLT,2026-04-24 19:30:00+00:00,86.69999694824219
TLT,2026-04-27 13:30:00+00:00,86.55999755859375
TLT,2026-04-27 14:00:00+00:00,86.51000213623047
TLT,2026-04-27 14:30:00+00:00,86.45610046386719
TLT,2026-04-27 15:00:00+00:00,86.32499694824219
TLT,2026-04-27 15:30:00+00:00,86.36499786376953
TLT,2026-04-27 16:00:00+00:00,86.375
TLT,2026-04-27 16:30:00+00:00,86.36990356445312
TLT,2026-04-27 17:00:00+00:00,86.2750015258789
TLT,2026-04-27 17:30:00+00:00,86.30000305175781
TLT,2026-04-27 18:00:00+00:00,86.32499694824219
TLT,2026-04-27 18:30:00+00:00,86.31500244140625
TLT,2026-04-27 19:00:00+00:00,86.28500366210938
TLT,2026-04-27 19:30:00+00:00,86.29499816894531
TLT,2026-04-28 13:30:00+00:00,86.12999725341797
TLT,2026-04-28 14:00:00+00:00,86.04000091552734
TLT,2026-04-28 14:30:00+00:00,86.05999755859375
TLT,2026-04-28 15:00:00+00:00,86.12999725341797
TLT,2026-04-28 15:30:00+00:00,86.13500213623047
TLT,2026-04-28 16:00:00+00:00,86.13009643554688
TLT,2026-04-28 16:30:00+00:00,86.20500183105469
TLT,2026-04-28 17:00:00+00:00,86.16000366210938
TLT,2026-04-28 17:30:00+00:00,86.17500305175781
TLT,2026-04-28 18:00:00+00:00,86.2249984741211
TLT,2026-04-28 18:30:00+00:00,86.29000091552734
TLT,2026-04-28 19:00:00+00:00,86.31999969482422
TLT,2026-04-28 19:30:00+00:00,86.36000061035156
TLT,2026-04-29 13:30:00+00:00,85.79000091552734
TLT,2026-04-29 14:00:00+00:00,85.86000061035156
TLT,2026-04-29 14:30:00+00:00,85.79000091552734
TLT,2026-04-29 15:00:00+00:00,85.79989624023438
TLT,2026-04-29 15:30:00+00:00,85.7750015258789
TLT,2026-04-29 16:00:00+00:00,85.76499938964844
TLT,2026-04-29 16:30:00+00:00,85.86499786376953
TLT,2026-04-29 17:00:00+00:00,85.78500366210938
TLT,2026-04-29 17:30:00+00:00,85.87000274658203
TLT,2026-04-29 18:00:00+00:00,85.74500274658203
TLT,2026-04-29 18:30:00+00:00,85.67500305175781
TLT,2026-04-29 19:00:00+00:00,85.75499725341797
TLT,2026-04-29 19:30:00+00:00,85.69000244140625
TLT,2026-04-30 13:30:00+00:00,85.76799774169922
TLT,2026-04-30 14:00:00+00:00,85.77999877929688
TLT,2026-04-30 14:30:00+00:00,85.7300033569336
TLT,2026-04-30 15:00:00+00:00,85.83000183105469
TLT,2026-04-30 15:30:00+00:00,85.73999786376953
TLT,2026-04-30 16:00:00+00:00,85.7750015258789
TLT,2026-04-30 16:30:00+00:00,85.71499633789062
TLT,2026-04-30 17:00:00+00:00,85.70999908447266
TLT,2026-04-30 17:30:00+00:00,85.76000213623047
TLT,2026-04-30 18:00:00+00:00,85.80999755859375
TLT,2026-04-30 18:30:00+00:00,85.69499969482422
TLT,2026-04-30 19:00:00+00:00,85.7300033569336
TLT,2026-04-30 19:30:00+00:00,85.60749816894531
TLT,2026-05-01 13:30:00+00:00,85.55500030517578
TLT,2026-05-01 14:00:00+00:00,85.91000366210938
TLT,2026-05-01 14:30:00+00:00,85.70500183105469
TLT,2026-05-01 15:00:00+00:00,85.66500091552734
TLT,2026-05-01 15:30:00+00:00,85.58000183105469
TLT,2026-05-01 16:00:00+00:00,85.65499877929688
TLT,2026-05-01 16:30:00+00:00,85.625
TLT,2026-05-01 17:00:00+00:00,85.62000274658203
TLT,2026-05-01 17:30:00+00:00,85.66000366210938
TLT,2026-05-01 18:00:00+00:00,85.66999816894531
TLT,2026-05-01 18:30:00+00:00,85.6719970703125
TLT,2026-05-01 19:00:00+00:00,85.6449966430664
TLT,2026-05-01 19:30:00+00:00,85.5999984741211
TLT,2026-05-04 13:30:00+00:00,85.16000366210938
TLT,2026-05-04 14:00:00+00:00,85.27999877929688
TLT,2026-05-04 14:30:00+00:00,85.19000244140625
TLT,2026-05-04 15:00:00+00:00,85.05500030517578
TLT,2026-05-04 15:30:00+00:00,84.91999816894531
TLT,2026-05-04 16:00:00+00:00,84.84500122070312
TLT,2026-05-04 16:30:00+00:00,84.80000305175781
TLT,2026-05-04 17:00:00+00:00,84.97850036621094
TLT,2026-05-04 17:30:00+00:00,84.94499969482422
TLT,2026-05-04 18:00:00+00:00,84.8949966430664
TLT,2026-05-04 18:30:00+00:00,84.8949966430664
TLT,2026-05-04 19:00:00+00:00,84.95500183105469
TLT,2026-05-04 19:30:00+00:00,84.97000122070312
TLT,2026-05-05 13:30:00+00:00,85.13999938964844
TLT,2026-05-05 14:00:00+00:00,85.2699966430664
TLT,2026-05-05 14:30:00+00:00,85.25
TLT,2026-05-05 15:00:00+00:00,85.30999755859375
TLT,2026-05-05 15:30:00+00:00,85.34500122070312
TLT,2026-05-05 16:00:00+00:00,85.3550033569336
TLT,2026-05-05 16:30:00+00:00,85.36499786376953
TLT,2026-05-05 17:00:00+00:00,85.38500213623047
TLT,2026-05-05 17:30:00+00:00,85.3949966430664
TLT,2026-05-05 18:00:00+00:00,85.4000015258789
TLT,2026-05-05 18:30:00+00:00,85.45500183105469
TLT,2026-05-05 19:00:00+00:00,85.45500183105469
TLT,2026-05-05 19:30:00+00:00,85.43000030517578
TLT,2026-05-06 13:30:00+00:00,85.98999786376953
TLT,2026-05-06 14:00:00+00:00,85.96029663085938
TLT,2026-05-06 14:30:00+00:00,86.07730102539062
TLT,2026-05-06 15:00:00+00:00,86.11499786376953
TLT,2026-05-06 15:30:00+00:00,86.06500244140625
TLT,2026-05-06 16:00:00+00:00,86.08000183105469
TLT,2026-05-06 16:30:00+00:00,86.0
TLT,2026-05-06 17:00:00+00:00,86.12999725341797
TLT,2026-05-06 17:30:00+00:00,86.11090087890625
TLT,2026-05-06 18:00:00+00:00,86.02999877929688
TLT,2026-05-06 18:30:00+00:00,86.06500244140625
TLT,2026-05-06 19:00:00+00:00,86.09500122070312
TLT,2026-05-06 19:30:00+00:00,86.08000183105469
TLT,2026-05-07 13:30:00+00:00,86.16840362548828
TLT,2026-05-07 14:00:00+00:00,86.125
TLT,2026-05-07 14:30:00+00:00,86.19499969482422
TLT,2026-05-07 15:00:00+00:00,85.96990203857422
TLT,2026-05-07 15:30:00+00:00,85.90989685058594
TLT,2026-05-07 16:00:00+00:00,85.8499984741211
TLT,2026-05-07 16:30:00+00:00,85.81500244140625
TLT,2026-05-07 17:00:00+00:00,85.68000030517578
TLT,2026-05-07 17:30:00+00:00,85.74500274658203
TLT,2026-05-07 18:00:00+00:00,85.7300033569336
TLT,2026-05-07 18:30:00+00:00,85.71499633789062
TLT,2026-05-07 19:00:00+00:00,85.625
TLT,2026-05-07 19:30:00+00:00,85.6449966430664
TLT,2026-05-08 13:30:00+00:00,86.2300033569336
TLT,2026-05-08 14:00:00+00:00,86.20999908447266
TLT,2026-05-08 14:30:00+00:00,86.13500213623047
TLT,2026-05-08 15:00:00+00:00,86.12000274658203
TLT,2026-05-08 15:30:00+00:00,86.06500244140625
TLT,2026-05-08 16:00:00+00:00,86.08999633789062
TLT,2026-05-08 16:30:00+00:00,86.04499816894531
TLT,2026-05-08 17:00:00+00:00,86.09329986572266
TLT,2026-05-08 17:30:00+00:00,86.05999755859375
TLT,2026-05-08 18:00:00+00:00,86.08499908447266
TLT,2026-05-08 18:30:00+00:00,86.04000091552734
TLT,2026-05-08 19:00:00+00:00,86.0250015258789
TLT,2026-05-08 19:30:00+00:00,86.05999755859375
TLT,2026-05-11 13:30:00+00:00,85.87000274658203
TLT,2026-05-11 14:00:00+00:00,85.7699966430664
TLT,2026-05-11 14:30:00+00:00,85.7300033569336
TLT,2026-05-11 15:00:00+00:00,85.76499938964844
TLT,2026-05-11 15:30:00+00:00,85.75
TLT,2026-05-11 16:00:00+00:00,85.71929931640625
TLT,2026-05-11 16:30:00+00:00,85.62000274658203
TLT,2026-05-11 17:00:00+00:00,85.61990356445312
TLT,2026-05-11 17:30:00+00:00,85.56999969482422
TLT,2026-05-11 18:00:00+00:00,85.66000366210938
TLT,2026-05-11 18:30:00+00:00,85.5199966430664
TLT,2026-05-11 19:00:00+00:00,85.54000091552734
TLT,2026-05-11 19:30:00+00:00,85.55000305175781
TLT,2026-05-12 13:30:00+00:00,85.05000305175781
TLT,2026-05-12 14:00:00+00:00,85.05999755859375
TLT,2026-05-12 14:30:00+00:00,85.09500122070312
TLT,2026-05-12 15:00:00+00:00,85.0989990234375
TLT,2026-05-12 15:30:00+00:00,85.08000183105469
TLT,2026-05-12 16:00:00+00:00,85.08999633789062
TLT,2026-05-12 16:30:00+00:00,85.06749725341797
TLT,2026-05-12 17:00:00+00:00,85.03800201416016
TLT,2026-05-12 17:30:00+00:00,85.01000213623047
TLT,2026-05-12 18:00:00+00:00,84.99500274658203
TLT,2026-05-12 18:30:00+00:00,84.94499969482422
TLT,2026-05-12 19:00:00+00:00,84.93499755859375
TLT,2026-05-12 19:30:00+00:00,84.9800033569336
TLT,2026-05-13 13:30:00+00:00,84.88500213623047
TLT,2026-05-13 14:00:00+00:00,84.75499725341797
TLT,2026-05-13 14:30:00+00:00,84.69999694824219
TLT,2026-05-13 15:00:00+00:00,84.6792984008789
TLT,2026-05-13 15:30:00+00:00,84.72000122070312
TLT,2026-05-13 16:00:00+00:00,84.82499694824219
TLT,2026-05-13 16:30:00+00:00,84.77149963378906
TLT,2026-05-13 17:00:00+00:00,84.80899810791016
TLT,2026-05-13 17:30:00+00:00,84.66999816894531
TLT,2026-05-13 18:00:00+00:00,84.74500274658203
TLT,2026-05-13 18:30:00+00:00,84.73999786376953
TLT,2026-05-13 19:00:00+00:00,84.80999755859375
TLT,2026-05-13 19:30:00+00:00,84.80000305175781
TLT,2026-05-14 13:30:00+00:00,85.26000213623047
TLT,2026-05-14 14:00:00+00:00,85.18699645996094
TLT,2026-05-14 14:30:00+00:00,85.2750015258789
TLT,2026-05-14 15:00:00+00:00,85.2750015258789
TLT,2026-05-14 15:30:00+00:00,85.33499908447266
TLT,2026-05-14 16:00:00+00:00,85.2750015258789
TLT,2026-05-14 16:30:00+00:00,85.2301025390625
TLT,2026-05-14 17:00:00+00:00,85.21240234375
TLT,2026-05-14 17:30:00+00:00,85.19499969482422
TLT,2026-05-14 18:00:00+00:00,85.18920135498047
TLT,2026-05-14 18:30:00+00:00,85.14009857177734
TLT,2026-05-14 19:00:00+00:00,85.04499816894531
TLT,2026-05-14 19:30:00+00:00,84.93000030517578
TLT,2026-05-15 13:30:00+00:00,83.76000213623047
TLT,2026-05-15 14:00:00+00:00,83.88500213623047
TLT,2026-05-15 14:30:00+00:00,83.8949966430664
TLT,2026-05-15 15:00:00+00:00,83.81500244140625
TLT,2026-05-15 15:30:00+00:00,83.81999969482422
TLT,2026-05-15 16:00:00+00:00,83.78900146484375
TLT,2026-05-15 16:30:00+00:00,83.71499633789062
TLT,2026-05-15 17:00:00+00:00,83.74500274658203
TLT,2026-05-15 17:30:00+00:00,83.63999938964844
TLT,2026-05-15 18:00:00+00:00,83.66000366210938
TLT,2026-05-15 18:30:00+00:00,83.63500213623047
TLT,2026-05-15 19:00:00+00:00,83.65499877929688
TLT,2026-05-15 19:30:00+00:00,83.69000244140625
TLT,2026-05-18 13:30:00+00:00,83.83429718017578
TLT,2026-05-18 14:00:00+00:00,83.60030364990234
TLT,2026-05-18 14:30:00+00:00,83.58999633789062
TLT,2026-05-18 15:00:00+00:00,83.54499816894531
TLT,2026-05-18 15:30:00+00:00,83.62000274658203
TLT,2026-05-18 15:42:57+00:00,83.62000274658203
TLT,2026-05-18 15:43:37+00:00,83.61499786376953
USO,2026-04-14 13:30:00+00:00,126.11009979248047
USO,2026-04-14 14:00:00+00:00,124.44999694824219
USO,2026-04-14 14:30:00+00:00,124.4009017944336
USO,2026-04-14 15:00:00+00:00,125.33000183105469
USO,2026-04-14 15:30:00+00:00,123.90989685058594
USO,2026-04-14 16:00:00+00:00,123.43990325927734
USO,2026-04-14 16:30:00+00:00,124.1500015258789
USO,2026-04-14 17:00:00+00:00,124.16999816894531
USO,2026-04-14 17:30:00+00:00,124.07499694824219
USO,2026-04-14 18:00:00+00:00,123.21499633789062
USO,2026-04-14 18:30:00+00:00,123.70500183105469
USO,2026-04-14 19:00:00+00:00,123.56999969482422
USO,2026-04-14 19:30:00+00:00,123.88999938964844
USO,2026-04-15 13:30:00+00:00,123.0999984741211
USO,2026-04-15 14:00:00+00:00,122.55999755859375
USO,2026-04-15 14:30:00+00:00,124.33000183105469
USO,2026-04-15 15:00:00+00:00,124.88999938964844
USO,2026-04-15 15:30:00+00:00,124.41780090332031
USO,2026-04-15 16:00:00+00:00,123.79499816894531
USO,2026-04-15 16:30:00+00:00,123.6500015258789
USO,2026-04-15 17:00:00+00:00,123.33000183105469
USO,2026-04-15 17:30:00+00:00,124.19999694824219
USO,2026-04-15 18:00:00+00:00,123.0199966430664
USO,2026-04-15 18:30:00+00:00,122.80000305175781
USO,2026-04-15 19:00:00+00:00,122.48999786376953
USO,2026-04-15 19:30:00+00:00,122.63999938964844
USO,2026-04-16 13:30:00+00:00,125.9000015258789
USO,2026-04-16 14:00:00+00:00,126.08000183105469
USO,2026-04-16 14:30:00+00:00,126.17500305175781
USO,2026-04-16 15:00:00+00:00,126.64089965820312
USO,2026-04-16 15:30:00+00:00,126.12000274658203
USO,2026-04-16 16:00:00+00:00,126.12999725341797
USO,2026-04-16 16:30:00+00:00,127.37999725341797
USO,2026-04-16 17:00:00+00:00,127.6698989868164
USO,2026-04-16 17:30:00+00:00,127.91000366210938
USO,2026-04-16 18:00:00+00:00,127.3499984741211
USO,2026-04-16 18:30:00+00:00,126.35990142822266
USO,2026-04-16 19:00:00+00:00,126.01499938964844
USO,2026-04-16 19:30:00+00:00,125.8499984741211
USO,2026-04-17 13:30:00+00:00,114.18000030517578
USO,2026-04-17 14:00:00+00:00,113.16999816894531
USO,2026-04-17 14:30:00+00:00,111.70500183105469
USO,2026-04-17 15:00:00+00:00,113.91000366210938
USO,2026-04-17 15:30:00+00:00,113.31500244140625
USO,2026-04-17 16:00:00+00:00,114.19999694824219
USO,2026-04-17 16:30:00+00:00,113.625
USO,2026-04-17 17:00:00+00:00,115.58999633789062
USO,2026-04-17 17:30:00+00:00,114.34310150146484
USO,2026-04-17 18:00:00+00:00,115.76499938964844
USO,2026-04-17 18:30:00+00:00,116.33000183105469
USO,2026-04-17 19:00:00+00:00,116.29010009765625
USO,2026-04-17 19:30:00+00:00,116.12000274658203
USO,2026-04-20 13:30:00+00:00,120.05999755859375
USO,2026-04-20 14:00:00+00:00,120.45999908447266
USO,2026-04-20 14:30:00+00:00,121.88500213623047
USO,2026-04-20 15:00:00+00:00,120.86060333251953
USO,2026-04-20 15:30:00+00:00,121.94999694824219
USO,2026-04-20 16:00:00+00:00,121.91500091552734
USO,2026-04-20 16:30:00+00:00,121.8499984741211
USO,2026-04-20 17:00:00+00:00,122.54000091552734
USO,2026-04-20 17:30:00+00:00,122.20999908447266
USO,2026-04-20 18:00:00+00:00,122.0199966430664
USO,2026-04-20 18:30:00+00:00,122.05000305175781
USO,2026-04-20 19:00:00+00:00,121.76000213623047
USO,2026-04-20 19:30:00+00:00,121.33999633789062
USO,2026-04-21 13:30:00+00:00,121.23999786376953
USO,2026-04-21 14:00:00+00:00,122.76000213623047
USO,2026-04-21 14:30:00+00:00,123.95989990234375
USO,2026-04-21 15:00:00+00:00,125.41999816894531
USO,2026-04-21 15:30:00+00:00,125.4000015258789
USO,2026-04-21 16:00:00+00:00,125.66999816894531
USO,2026-04-21 16:30:00+00:00,126.31510162353516
USO,2026-04-21 17:00:00+00:00,127.26000213623047
USO,2026-04-21 17:30:00+00:00,124.94999694824219
USO,2026-04-21 18:00:00+00:00,125.12999725341797
USO,2026-04-21 18:30:00+00:00,124.11000061035156
USO,2026-04-21 19:00:00+00:00,123.48999786376953
USO,2026-04-21 19:30:00+00:00,128.24000549316406
USO,2026-04-22 13:30:00+00:00,128.1699981689453
USO,2026-04-22 14:00:00+00:00,127.51000213623047
USO,2026-04-22 14:30:00+00:00,128.8000030517578
USO,2026-04-22 15:00:00+00:00,128.88999938964844
USO,2026-04-22 15:30:00+00:00,130.08999633789062
USO,2026-04-22 16:00:00+00:00,130.22000122070312
USO,2026-04-22 16:30:00+00:00,130.77000427246094
USO,2026-04-22 17:00:00+00:00,129.97999572753906
USO,2026-04-22 17:30:00+00:00,129.41000366210938
USO,2026-04-22 18:00:00+00:00,129.93499755859375
USO,2026-04-22 18:30:00+00:00,129.8300018310547
USO,2026-04-22 19:00:00+00:00,129.3800048828125
USO,2026-04-22 19:30:00+00:00,129.38999938964844
USO,2026-04-23 13:30:00+00:00,131.3300018310547
USO,2026-04-23 14:00:00+00:00,130.47000122070312
USO,2026-04-23 14:30:00+00:00,130.07000732421875
USO,2026-04-23 15:00:00+00:00,130.85000610351562
USO,2026-04-23 15:30:00+00:00,131.9499969482422
USO,2026-04-23 16:00:00+00:00,131.83999633789062
USO,2026-04-23 16:30:00+00:00,131.97999572753906
USO,2026-04-23 17:00:00+00:00,135.1501007080078
USO,2026-04-23 17:30:00+00:00,134.39999389648438
USO,2026-04-23 18:00:00+00:00,133.7899932861328
USO,2026-04-23 18:30:00+00:00,135.0800018310547
USO,2026-04-23 19:00:00+00:00,134.49000549316406
USO,2026-04-23 19:30:00+00:00,134.6999969482422
USO,2026-04-24 13:30:00+00:00,133.03030395507812
USO,2026-04-24 14:00:00+00:00,133.21240234375
USO,2026-04-24 14:30:00+00:00,132.8699951171875
USO,2026-04-24 15:00:00+00:00,133.4199981689453
USO,2026-04-24 15:30:00+00:00,130.6999969482422
USO,2026-04-24 16:00:00+00:00,131.36000061035156
USO,2026-04-24 16:30:00+00:00,131.08999633789062
USO,2026-04-24 17:00:00+00:00,131.1999969482422
USO,2026-04-24 17:30:00+00:00,130.80999755859375
USO,2026-04-24 18:00:00+00:00,131.91000366210938
USO,2026-04-24 18:30:00+00:00,131.6750030517578
USO,2026-04-24 19:00:00+00:00,132.50999450683594
USO,2026-04-24 19:30:00+00:00,132.41000366210938
USO,2026-04-27 13:30:00+00:00,133.78990173339844
USO,2026-04-27 14:00:00+00:00,134.52459716796875
USO,2026-04-27 14:30:00+00:00,135.22000122070312
USO,2026-04-27 15:00:00+00:00,135.41000366210938
USO,2026-04-27 15:30:00+00:00,134.38999938964844
USO,2026-04-27 16:00:00+00:00,134.6699981689453
USO,2026-04-27 16:30:00+00:00,134.95010375976562
USO,2026-04-27 17:00:00+00:00,135.39999389648438
USO,2026-04-27 17:30:00+00:00,134.9600067138672
USO,2026-04-27 18:00:00+00:00,134.72000122070312
USO,2026-04-27 18:30:00+00:00,134.94000244140625
USO,2026-04-27 19:00:00+00:00,134.35000610351562
USO,2026-04-27 19:30:00+00:00,134.72999572753906
USO,2026-04-28 13:30:00+00:00,138.9561004638672
USO,2026-04-28 14:00:00+00:00,139.64500427246094
USO,2026-04-28 14:30:00+00:00,138.86000061035156
USO,2026-04-28 15:00:00+00:00,139.24000549316406
USO,2026-04-28 15:30:00+00:00,139.47000122070312
USO,2026-04-28 16:00:00+00:00,139.36000061035156
USO,2026-04-28 16:30:00+00:00,138.69500732421875
USO,2026-04-28 17:00:00+00:00,140.3000030517578
USO,2026-04-28 17:30:00+00:00,140.05999755859375
USO,2026-04-28 18:00:00+00:00,139.68499755859375
USO,2026-04-28 18:30:00+00:00,139.8000030517578
USO,2026-04-28 19:00:00+00:00,139.6999969482422
USO,2026-04-28 19:30:00+00:00,139.64999389648438
USO,2026-04-29 13:30:00+00:00,146.70989990234375
USO,2026-04-29 14:00:00+00:00,146.35000610351562
USO,2026-04-29 14:30:00+00:00,147.02499389648438
USO,2026-04-29 15:00:00+00:00,147.5
USO,2026-04-29 15:30:00+00:00,149.33999633789062
USO,2026-04-29 16:00:00+00:00,149.1199951171875
USO,2026-04-29 16:30:00+00:00,149.7550048828125
USO,2026-04-29 17:00:00+00:00,149.27220153808594
USO,2026-04-29 17:30:00+00:00,148.88999938964844
USO,2026-04-29 18:00:00+00:00,149.53990173339844
USO,2026-04-29 18:30:00+00:00,149.27999877929688
USO,2026-04-29 19:00:00+00:00,150.35000610351562
USO,2026-04-29 19:30:00+00:00,150.64999389648438
USO,2026-04-30 13:30:00+00:00,147.44000244140625
USO,2026-04-30 14:00:00+00:00,146.88150024414062
USO,2026-04-30 14:30:00+00:00,148.14999389648438
USO,2026-04-30 15:00:00+00:00,145.89999389648438
USO,2026-04-30 15:30:00+00:00,145.51499938964844
USO,2026-04-30 16:00:00+00:00,146.29989624023438
USO,2026-04-30 16:30:00+00:00,146.47000122070312
USO,2026-04-30 17:00:00+00:00,146.11000061035156
USO,2026-04-30 17:30:00+00:00,145.0
USO,2026-04-30 18:00:00+00:00,146.92990112304688
USO,2026-04-30 18:30:00+00:00,147.25250244140625
USO,2026-04-30 19:00:00+00:00,146.47000122070312
USO,2026-04-30 19:30:00+00:00,147.08999633789062
USO,2026-05-01 13:30:00+00:00,140.97000122070312
USO,2026-05-01 14:00:00+00:00,140.6999969482422
USO,2026-05-01 14:30:00+00:00,142.00999450683594
USO,2026-05-01 15:00:00+00:00,142.6999053955078
USO,2026-05-01 15:30:00+00:00,141.2899932861328
USO,2026-05-01 16:00:00+00:00,143.3350067138672
USO,2026-05-01 16:30:00+00:00,142.35000610351562
USO,2026-05-01 17:00:00+00:00,142.03990173339844
USO,2026-05-01 17:30:00+00:00,141.8350067138672
USO,2026-05-01 18:00:00+00:00,142.39999389648438
USO,2026-05-01 18:30:00+00:00,142.8699951171875
USO,2026-05-01 19:00:00+00:00,142.66000366210938
USO,2026-05-01 19:30:00+00:00,142.88999938964844
USO,2026-05-04 13:30:00+00:00,143.13999938964844
USO,2026-05-04 14:00:00+00:00,143.27999877929688
USO,2026-05-04 14:30:00+00:00,144.93499755859375
USO,2026-05-04 15:00:00+00:00,147.4199981689453
USO,2026-05-04 15:30:00+00:00,147.82789611816406
USO,2026-05-04 16:00:00+00:00,147.75
USO,2026-05-04 16:30:00+00:00,148.5500030517578
USO,2026-05-04 17:00:00+00:00,147.1699981689453
USO,2026-05-04 17:30:00+00:00,147.56500244140625
USO,2026-05-04 18:00:00+00:00,148.80999755859375
USO,2026-05-04 18:30:00+00:00,148.1199951171875
USO,2026-05-04 19:00:00+00:00,147.51499938964844
USO,2026-05-04 19:30:00+00:00,147.6199951171875
USO,2026-05-05 13:30:00+00:00,143.49000549316406
USO,2026-05-05 14:00:00+00:00,143.25
USO,2026-05-05 14:30:00+00:00,142.8800048828125
USO,2026-05-05 15:00:00+00:00,143.24000549316406
USO,2026-05-05 15:30:00+00:00,143.30999755859375
USO,2026-05-05 16:00:00+00:00,143.32000732421875
USO,2026-05-05 16:30:00+00:00,143.6699981689453
USO,2026-05-05 17:00:00+00:00,142.9499969482422
USO,2026-05-05 17:30:00+00:00,143.3350067138672
USO,2026-05-05 18:00:00+00:00,143.3699951171875
USO,2026-05-05 18:30:00+00:00,143.47000122070312
USO,2026-05-05 19:00:00+00:00,143.8699951171875
USO,2026-05-05 19:30:00+00:00,144.17999267578125
USO,2026-05-06 13:30:00+00:00,134.89999389648438
USO,2026-05-06 14:00:00+00:00,134.4080047607422
USO,2026-05-06 14:30:00+00:00,133.47000122070312
USO,2026-05-06 15:00:00+00:00,133.68499755859375
USO,2026-05-06 15:30:00+00:00,134.0399932861328
USO,2026-05-06 16:00:00+00:00,133.4300994873047
USO,2026-05-06 16:30:00+00:00,134.6999969482422
USO,2026-05-06 17:00:00+00:00,133.80999755859375
USO,2026-05-06 17:30:00+00:00,133.75
USO,2026-05-06 18:00:00+00:00,133.67999267578125
USO,2026-05-06 18:30:00+00:00,133.6300048828125
USO,2026-05-06 19:00:00+00:00,133.6199951171875
USO,2026-05-06 19:30:00+00:00,133.94000244140625
USO,2026-05-07 13:30:00+00:00,128.5699005126953
USO,2026-05-07 14:00:00+00:00,128.32000732421875
USO,2026-05-07 14:30:00+00:00,128.64999389648438
USO,2026-05-07 15:00:00+00:00,130.13999938964844
USO,2026-05-07 15:30:00+00:00,131.3699951171875
USO,2026-05-07 16:00:00+00:00,132.44000244140625
USO,2026-05-07 16:30:00+00:00,134.14990234375
USO,2026-05-07 17:00:00+00:00,136.1300048828125
USO,2026-05-07 17:30:00+00:00,133.5800018310547
USO,2026-05-07 18:00:00+00:00,133.22000122070312
USO,2026-05-07 18:30:00+00:00,134.1699981689453
USO,2026-05-07 19:00:00+00:00,135.63499450683594
USO,2026-05-07 19:30:00+00:00,135.07000732421875
USO,2026-05-08 13:30:00+00:00,132.67999267578125
USO,2026-05-08 14:00:00+00:00,134.42999267578125
USO,2026-05-08 14:30:00+00:00,134.30999755859375
USO,2026-05-08 15:00:00+00:00,134.4600067138672
USO,2026-05-08 15:30:00+00:00,134.85000610351562
USO,2026-05-08 16:00:00+00:00,134.48880004882812
USO,2026-05-08 16:30:00+00:00,135.0500030517578
USO,2026-05-08 17:00:00+00:00,134.25
USO,2026-05-08 17:30:00+00:00,134.2899932861328
USO,2026-05-08 18:00:00+00:00,134.25
USO,2026-05-08 18:30:00+00:00,134.39999389648438
USO,2026-05-08 19:00:00+00:00,134.2899932861328
USO,2026-05-08 19:30:00+00:00,133.5800018310547
USO,2026-05-11 13:30:00+00:00,136.3000030517578
USO,2026-05-11 14:00:00+00:00,137.3350067138672
USO,2026-05-11 14:30:00+00:00,137.94500732421875
USO,2026-05-11 15:00:00+00:00,137.80999755859375
USO,2026-05-11 15:30:00+00:00,138.3350067138672
USO,2026-05-11 16:00:00+00:00,139.50999450683594
USO,2026-05-11 16:30:00+00:00,140.2449951171875
USO,2026-05-11 17:00:00+00:00,139.25
USO,2026-05-11 17:30:00+00:00,138.96499633789062
USO,2026-05-11 18:00:00+00:00,138.65499877929688
USO,2026-05-11 18:30:00+00:00,138.8000030517578
USO,2026-05-11 19:00:00+00:00,138.67999267578125
USO,2026-05-11 19:30:00+00:00,138.97000122070312
USO,2026-05-12 13:30:00+00:00,143.9250030517578
USO,2026-05-12 14:00:00+00:00,143.97000122070312
USO,2026-05-12 14:30:00+00:00,143.99000549316406
USO,2026-05-12 15:00:00+00:00,144.13999938964844
USO,2026-05-12 15:30:00+00:00,143.63999938964844
USO,2026-05-12 16:00:00+00:00,143.77999877929688
USO,2026-05-12 16:30:00+00:00,143.58999633789062
USO,2026-05-12 17:00:00+00:00,143.31500244140625
USO,2026-05-12 17:30:00+00:00,143.58999633789062
USO,2026-05-12 18:00:00+00:00,144.30999755859375
USO,2026-05-12 18:30:00+00:00,144.50999450683594
USO,2026-05-12 19:00:00+00:00,144.14999389648438
USO,2026-05-12 19:30:00+00:00,144.35499572753906
USO,2026-05-13 13:30:00+00:00,144.0399932861328
USO,2026-05-13 14:00:00+00:00,144.8350067138672
USO,2026-05-13 14:30:00+00:00,144.50999450683594
USO,2026-05-13 15:00:00+00:00,143.92999267578125
USO,2026-05-13 15:30:00+00:00,143.42999267578125
USO,2026-05-13 16:00:00+00:00,142.0699005126953
USO,2026-05-13 16:30:00+00:00,142.97999572753906
USO,2026-05-13 17:00:00+00:00,142.60000610351562
USO,2026-05-13 17:30:00+00:00,142.3184051513672
USO,2026-05-13 18:00:00+00:00,141.6551971435547
USO,2026-05-13 18:30:00+00:00,141.6199951171875
USO,2026-05-13 19:00:00+00:00,141.7949981689453
USO,2026-05-13 19:30:00+00:00,142.05999755859375
USO,2026-05-14 13:30:00+00:00,141.6199951171875
USO,2026-05-14 14:00:00+00:00,142.2100067138672
USO,2026-05-14 14:30:00+00:00,141.0113067626953
USO,2026-05-14 15:00:00+00:00,141.25999450683594
USO,2026-05-14 15:30:00+00:00,141.42999267578125
USO,2026-05-14 16:00:00+00:00,141.3000030517578
USO,2026-05-14 16:30:00+00:00,141.48500061035156
USO,2026-05-14 17:00:00+00:00,142.11000061035156
USO,2026-05-14 17:30:00+00:00,142.64999389648438
USO,2026-05-14 18:00:00+00:00,141.82000732421875
USO,2026-05-14 18:30:00+00:00,142.1300048828125
USO,2026-05-14 19:00:00+00:00,142.39999389648438
USO,2026-05-14 19:30:00+00:00,142.97000122070312
USO,2026-05-15 13:30:00+00:00,146.19679260253906
USO,2026-05-15 14:00:00+00:00,146.05999755859375
USO,2026-05-15 14:30:00+00:00,146.7899932861328
USO,2026-05-15 15:00:00+00:00,146.50999450683594
USO,2026-05-15 15:30:00+00:00,147.6999969482422
USO,2026-05-15 16:00:00+00:00,147.3199005126953
USO,2026-05-15 16:30:00+00:00,147.37010192871094
USO,2026-05-15 17:00:00+00:00,147.24000549316406
USO,2026-05-15 17:30:00+00:00,147.30999755859375
USO,2026-05-15 18:00:00+00:00,147.97999572753906
USO,2026-05-15 18:30:00+00:00,147.80999755859375
USO,2026-05-15 19:00:00+00:00,147.98899841308594
USO,2026-05-15 19:30:00+00:00,148.1999969482422
USO,2026-05-18 13:30:00+00:00,145.8452606201172
USO,2026-05-18 14:00:00+00:00,148.34140014648438
USO,2026-05-18 14:30:00+00:00,149.6649932861328
USO,2026-05-18 15:00:00+00:00,150.8000030517578
USO,2026-05-18 15:30:00+00:00,150.5
USO,2026-05-18 15:42:58+00:00,150.5
USO,2026-05-18 15:43:44+00:00,150.5500030517578
